feature,base_entropy,expected_entropy,IG,cost,IG_per_cost,num_values,numeric,categories_or_bins
UNPROTECTED_STAIRCASE.MAX_EVACUATION_HEIGHT,149.33126230693634,0.0,149.33126230693634,0.25,597.3250492277454,0,False,[]
STEEL_PLATE.WIDTH,149.33126230693634,0.0,149.33126230693634,0.25,597.3250492277454,0,False,[]
STAIRCASE.EVACUATION.HEIGHT,149.33126230693634,0.0,149.33126230693634,0.25,597.3250492277454,0,False,[]
BEAM.WIDTH,149.33126230693634,0.0,149.33126230693634,0.25,597.3250492277454,0,False,[]
TABLE.C3.COLUMN3.BMIN,149.33126230693634,0.0,149.33126230693634,0.25,597.3250492277454,0,False,[]
FIRE.RESISTANCE,149.33126230693634,0.0,149.33126230693634,0.25,597.3250492277454,2,True,"[(None, 90.0), (90.0, None)]"
TIMBER_PIECE.WIDTH,149.33126230693634,0.0,149.33126230693634,0.25,597.3250492277454,0,False,[]
SLAB.FIRE_RESISTANCE,149.33126230693634,0.0,149.33126230693634,0.25,597.3250492277454,3,True,"[(None, 90.0), (90.0, 120.0), (120.0, None)]"
BUILDING.USAGE,149.33126230693634,139.20091320546402,10.13034910147232,0.25,40.52139640588928,30,False,"['ADMINISTRATIVE', 'AUDITORIUM', 'CINEMA', 'COMMERCIAL', 'EDUCATION', 'EDUCATION.INFANT', 'EDUCATION.PRIMARY', 'HEALTH.OUTPATIENT', 'HOSPITAL', 'PARKING', 'PARKING.EXCLUSIVE', 'PUBLIC.ASSEMBLY', 'PUBLIC.ASSEMBLY.AUDITORIUM', 'PUBLIC.ASSEMBLY.CINEMA', 'PUBLIC.ASSEMBLY.DISCO', 'PUBLIC.ASSEMBLY.SPORTS_VENUE', 'PUBLIC.ASSEMBLY.THEATER', 'PUBLIC.COMMERCIAL', 'PUBLIC.CONGRESS', 'PUBLIC.EDUCATION', 'PUBLIC.HOSPITAL', 'PUBLIC.HOTEL', 'PUBLIC.RESIDENTIAL', 'RESIDENTIAL.HOUSING', 'RESIDENTIAL.HOUSING.SINGLE_FAMILY', 'SPORTS_HALL', 'STORAGE', 'THEATER', 'TRANSPORT.TERMINAL', 'WELFARE.OUTPATIENT']"
STAIRCASE.TYPE,149.33126230693634,142.10767877388224,7.2235835330540965,0.25,28.894334132216386,4,False,"['EVACUATION.ASCENDING', 'EVACUATION.DESCENDING', 'PROTECTED', 'SPECIALLY_PROTECTED']"
BUILDING.EVACUATION.HEIGHT,149.33126230693634,143.6117557292104,5.7195065777259515,0.25,22.878026310903806,8,True,"[(None, 10.0), (10.0, 14.0), (14.0, 15.0), (15.0, 24.0), (24.0, 28.0), (28.0, 50.0), (50.0, 80.0), (80.0, None)]"
PARKING.TYPE,149.33126230693634,143.7650042385132,5.566258068423139,0.25,22.265032273692555,4,False,"['AUTOMATED', 'CONVENTIONAL', 'ROBOTIC', 'ROBOTIZED']"
AREA.USAGE,149.33126230693634,144.97059598747478,4.360666319461558,0.25,17.44266527784623,31,False,"['ADMINISTRATIVE', 'ARCHIVE', 'COMMERCIAL', 'FLOOR_TOILETS', 'INDUSTRIAL', 'OCCASIONAL_MAINTENANCE_ACCESS', 'OFFICE.DOCUMENT_ARCHIVE', 'PARKING', 'PUBLIC', 'PUBLIC.ART_GALLERY', 'PUBLIC.CHANGING_ROOM', 'PUBLIC.COMMERCIAL.BAR_SEATED', 'PUBLIC.COMMERCIAL.BAR_SERVICE', 'PUBLIC.COMMERCIAL.CAFE_SEATED', 'PUBLIC.COMMERCIAL.CAFE_SERVICE', 'PUBLIC.COMMERCIAL.FAST_FOOD_RESTAURANT', 'PUBLIC.COMMERCIAL.RESTAURANT_SEATED', 'PUBLIC.COMMERCIAL.RESTAURANT_SERVICE', 'PUBLIC.COMMERCIAL.SALES', 'PUBLIC.DRESSING_ROOM', 'PUBLIC.FAIR_EXHIBITION', 'PUBLIC.LIBRARY.READING_ROOM', 'PUBLIC.LOBBY', 'PUBLIC.MULTI_PURPOSE_HALL', 'PUBLIC.MUSEUM', 'PUBLIC.SWIMMING_POOL.BATHING_AREA', 'PUBLIC.SWIMMING_POOL.CHANGING_ROOM', 'PUBLIC.SWIMMING_POOL.OUTDOOR_RESTING_AREA', 'PUBLIC.TRANSPORT.TERMINAL', 'PUBLIC.WAITING_ROOM', 'STORAGE']"
SPACE.TYPE,149.33126230693634,145.00078280054413,4.330479506392209,0.25,17.321918025568834,2,False,"['OCCUPIED', 'SAFE_OUTDOOR_SPACE']"
PROJECT.TYPE,149.33126230693634,145.30897797226072,4.022284334675618,0.25,16.08913733870247,2,False,"['REFORM', 'USAGE.CHANGE.PARTIAL']"
FASTENER.TYPE,149.33126230693634,145.38354363942568,3.9477186675106566,0.25,15.790874670042626,7,False,"['BOLT', 'CONNECTOR', 'LAG_SCREW', 'PIN', 'SMOOTH_NAIL', 'TIMBER_BOARDS', 'WOOD_BASED_PANELS']"
BUILDING.AREA.CONSTRUCTED,149.33126230693634,145.63115242407642,3.7001098828599197,0.25,14.800439531439679,4,True,"[(None, 500.0), (500.0, 1000.0), (1000.0, 2000.0), (2000.0, None)]"
STAIR.TYPE,149.33126230693634,146.17760744200478,3.1536548649315534,0.25,12.614619459726214,3,False,"['DOUBLE_FLIGHT', 'PROTECTED', 'UNPROTECTED']"
LOCATION.TYPE,149.33126230693634,146.2244801981697,3.1067821087666516,0.25,12.427128435066606,10,False,"['AMPHITHEATRE', 'GRANDSTAND', 'HIDDEN_SPACE', 'OCCUPIABLE_ZONE', 'OUTDOOR', 'PARKING', 'PROTECTED_CORRIDOR', 'PROTECTED_STAIRS', 'SPECIAL_RISK_ENCLOSURE', 'TRIBUNE']"
JOINT.TYPE,149.33126230693634,146.26057969868216,3.070682608254174,0.25,12.282730433016695,6,False,"['BOLTS', 'CONNECTORS', 'DOWELS', 'NAILS_LAG_SCREWS', 'UNPROTECTED_EDGES.GENERAL', 'UNPROTECTED_EDGES.ONE_OR_TWO_SIDES']"
PANEL.FIXING.METHOD,149.33126230693634,146.30688995770717,3.024372349229168,0.25,12.097489396916671,2,False,"['LAG_SCREWS', 'NAILS']"
BEAM.TYPE,149.33126230693634,146.32931169162634,3.001950615309994,0.25,12.007802461239976,3,False,"['CONTINUOUS', 'DOUBLE_T', 'FLAT']"
FIRE_RESISTANCE.RATING,149.33126230693634,146.52743063217616,2.8038316747601755,0.25,11.215326699040702,3,False,"['REI 120', 'REI 180', 'REI 240']"
RISK.SPECIAL,149.33126230693634,146.52753140406463,2.803730902871706,0.25,11.214923611486824,3,False,"['HIGH', 'LOW', 'MEDIUM']"
DOOR.TYPE,149.33126230693634,146.61724702543862,2.7140152814977228,0.25,10.856061125990891,6,False,"['AUTOMATIC.PEDESTRIAN', 'FIRE_RESISTANT', 'HINGED', 'REVOLVING', 'TILT_AND_TURN', 'TWO_LEAF']"
CORRIDOR.TYPE,149.33126230693634,146.6696992483999,2.6615630585364443,0.25,10.646252234145777,2,False,"['PROTECTED', 'STEPPED']"
ELEMENT.TYPE,149.33126230693634,146.80811047570208,2.5231518312342587,0.25,10.092607324937035,6,False,"['CEILING', 'COMPOSITE', 'FIRE_COMPARTMENTALIZATION', 'STRUCTURAL', 'VERTICAL_SEPARATOR', 'WALL']"
MATERIAL.TYPE,149.33126230693634,146.8224295977318,2.5088327092045404,0.25,10.035330836818162,4,False,"['PLYWOOD.PANELS', 'WOOD', 'WOOD.DERIVED.PANELS', 'WOOD.PANELS']"
BUILDING.AREA.TOTAL_CONSTRUCTED,149.33126230693634,147.00338010322457,2.3278822037117664,0.25,9.311528814847065,6,True,"[(None, 500.0), (500.0, 1000.0), (1000.0, 2000.0), (2000.0, 5000.0), (5000.0, 10000.0), (10000.0, None)]"
ESTABLISHMENT.USAGE,149.33126230693634,147.05349688567816,2.277765421258181,0.25,9.111061685032723,8,False,"['ADMINISTRATIVE', 'COMMERCIAL', 'PUBLIC.ASSEMBLY', 'PUBLIC.COMMERCIAL', 'PUBLIC.EDUCATION', 'PUBLIC.HOSPITAL', 'PUBLIC.RESIDENTIAL', 'STORAGE']"
FIRE.RESISTANCE.R,149.33126230693634,147.29404577266723,2.037216534269106,0.25,8.148866137076425,3,True,"[(None, 90.0), (90.0, 120.0), (120.0, None)]"
BUILDING.EVACUATION.HEIGHT.DESCENDING,149.33126230693634,147.32484672147024,2.006415585466101,0.25,8.025662341864404,4,True,"[(None, 9.0), (9.0, 15.0), (15.0, 28.0), (28.0, None)]"
STRUCTURE.TYPE,149.33126230693634,147.44266516408186,1.8885971428544792,0.25,7.554388571417917,3,False,"['COLUMN', 'TEXTILE_ENCLOSURE_SUPPORT', 'WALL']"
CONNECTION.TYPE,149.33126230693634,147.4487776190116,1.8824846879247445,0.25,7.529938751698978,4,False,"['BOLTED', 'GLUED_FILLET', 'STEEL_PLATE', 'WOOD_BASED_PANEL']"
BUILDING.AREA.SIZE,149.33126230693634,147.45086438911665,1.8803979178196926,0.25,7.52159167127877,3,True,"[(None, 1000.0), (1000.0, 10000.0), (10000.0, None)]"
AREA.TYPE,149.33126230693634,147.54146477925735,1.789797527678985,0.25,7.15919011071594,37,False,"['AREAS.DE.VENTA.BAJA.AFLUENCIA.PUBLICO', 'AREAS.DE.VENTAS.EN.PLANTAS.DE.SOTANO.BAJA.Y.ENTREPLANTA', 'AREAS.DE.VENTAS.EN.PLANTAS.DIFERENTES.DE.LAS.ANTERIORES', 'AULAS', 'AULAS.DE.ESCUELAS.INFANTILES', 'BUILT_UP.BORDERING_FOREST', 'BUILT_UP.WITHIN_FOREST', 'CONJUNTO.DE.LA.PLANTA.O.DEL.EDIFICIO', 'HOSPITALIZATION', 'INTENSIVE_TREATMENT', 'LOCALES.DIFERENTES.DE.AULAS', 'MERCADOS.Y.GALERIAS.DE.ALIMENTACION', 'OPEN_PARKING', 'OTROS.CASOS.ESTACIONAMIENTOS.VEHICULOS', 'PLANTAS.DE.SOTANO.BAJA.Y.ENTREPLANTA.O.CON.ACCESO.DESDE.EL.ESPACIO.EXTERIOR', 'PLANTAS.DE.VIVIENDA', 'PLANTAS.DIFERENTES.DE.LAS.ANTERIORES', 'PLANTAS.O.ZONAS.DE.OFICINAS', 'PUBLIC_SALES', 'REFUGE_AREA', 'SALAS.DE.ESPERA', 'SALAS.DE.LECTURA.DE.BIBLIOTECAS', 'SALONES.DE.USO.MULTIPLE', 'SERVICIOS.AMBULATORIOS.Y.DE.DIAGNOSTICO', 'SPECIAL_RISK.HIGH', 'SPECIAL_RISK.MEDIUM', 'VESTIBULOS.GENERALES.Y.ZONAS.DE.USO.PUBLICO', 'VESTIBULOS.GENERALES.Y.ZONAS.GENERALES.DE.USO.PUBLICO.EN.PLANTAS.DE.SOTANO.BAJA.Y.ENTREPLANTA', 'VINCULADO.A.UNA.ACTIVIDAD.SUJETA.A.HORARIOS', 'ZONAS.DE.ALOJAMIENTO', 'ZONAS.DE.ESPECTADORES.DE.PIE', 'ZONAS.DE.HOSPITALIZACION', 'ZONAS.DE.PUBLICO.DE.PIE.EN.BARES.CAFETERIAS.ETC', 'ZONAS.DE.PUBLICO.EN.DISCOTECAS', 'ZONAS.DE.PUBLICO.EN.GIMNASIOS', 'ZONAS.DESTINADAS.A.ESPECTADORES.SENTADOS', 'ZONAS.DESTINADAS.A.TRATAMIENTO.A.PACIENTES.INTERNADOS']"
BONDING.MATERIAL.TYPE,149.33126230693634,147.63612784843286,1.6951344585034747,0.25,6.780537834013899,4,False,"['STEEL.BARS', 'WOOD.TO.WOOD', 'WOOD.TO.WOOD_DERIVATIVE', 'WOOD_DERIVATIVE.TO.WOOD_DERIVATIVE']"
MASONRY.RENDERING,149.33126230693634,147.965513116951,1.365749189985337,0.25,5.462996759941348,5,False,"['PLASTERED_BOTH_SIDES', 'PLASTERED_EXPOSED_SIDE', 'RENDERED_BOTH_SIDES', 'RENDERED_EXPOSED_SIDE', 'UNRENDERED']"
STAIR.EVACUATION.DIRECTION,149.33126230693634,148.04232390268933,1.2889384042470056,0.25,5.155753616988022,3,False,"['ASCENDING', 'DOWNWARD', 'UPWARD']"
SLAB.TYPE,149.33126230693634,148.11296222823393,1.2183000787024127,0.25,4.873200314809651,5,False,"['BIDIRECTIONAL', 'CONTINUOUS', 'RIBBED', 'SOLID', 'UNIDIRECTIONAL']"
BUILDING.EVACUATION.HEIGHT.ASCENDING,149.33126230693634,148.23700186649734,1.094260440439001,0.25,4.377041761756004,3,True,"[(None, 1.0), (1.0, 2.8), (2.8, None)]"
MASONRY.THICKNESS,149.33126230693634,148.23894070704623,1.0923215998901128,0.25,4.369286399560451,7,True,"[(None, 40.0), (40.0, 80.0), (80.0, 110.0), (110.0, 140.0), (140.0, 200.0), (200.0, 240.0), (240.0, None)]"
BUILDING.TYPE,149.33126230693634,148.26352660170917,1.0677357052271645,0.25,4.270942820908658,4,False,"['DETACHED', 'EXCLUSIVE_USE', 'SINGLE_FAMILY.GROUPED', 'SINGLE_FAMILY.SEMI_DETACHED']"
ZONE.USAGE,149.33126230693634,148.28513018754398,1.0461321193923538,0.25,4.184528477569415,2,False,"['DEPRIVATION_OF_LIBERTY', 'OUTPATIENT_HEALTHCARE']"
COATING.JOINTS.UNFILLED_GAPS,149.33126230693634,148.29909934423478,1.0321629627015625,0.25,4.12865185080625,2,True,"[(None, 2.0), (2.0, None)]"
ZONE.AREA.CONSTRUCTED,149.33126230693634,148.30310531409202,1.0281569928443162,0.25,4.112627971377265,2,True,"[(None, 500.0), (500.0, None)]"
ESTABLISHMENT.AREA,149.33126230693634,148.30349093896837,1.027771367967972,0.25,4.111085471871888,2,True,"[(None, 500.0), (500.0, None)]"
BUILDING.EVACUATION.HEIGHT.DOWNWARD,149.33126230693634,148.30631027459913,1.024952032337211,0.25,4.099808129348844,2,True,"[(None, 9.0), (9.0, None)]"
EVACUATION.ROUTE.ORIGIN,149.33126230693634,148.30830670580434,1.0229556011319971,0.25,4.0918224045279885,2,False,"['HABITABLE_ZONE', 'PARKING_ZONE']"
REFUGE.AREA.REQUIRED_SPACES,149.33126230693634,148.30929947234318,1.021962834593154,0.25,4.087851338372616,2,True,"[(None, 0.0), (0.0, None)]"
FACADE.OPENING.COUNT,149.33126230693634,148.30948746577604,1.021774841160294,0.25,4.087099364641176,2,True,"[(None, 2.0), (2.0, None)]"
ACCESS_ROAD.LENGTH,149.33126230693634,148.30957721392204,1.0216850930142982,0.25,4.086740372057193,2,True,"[(None, 20.0), (20.0, None)]"
BUILDING.BEDS.COUNT,149.33126230693634,148.3095934376904,1.0216688692459286,0.25,4.086675476983714,2,True,"[(None, 100.0), (100.0, None)]"
ROOF.TYPE,149.33126230693634,148.31003012309048,1.0212321838458536,0.25,4.084928735383414,2,False,"['LIGHT', 'SAFE_OUTDOOR_SPACE']"
ESTABLISHMENT.LODGING_PLACES,149.33126230693634,148.3108003394342,1.0204619675021434,0.25,4.081847870008573,2,True,"[(None, 20.0), (20.0, None)]"
EXIT.OCCUPANCY.MAX,149.33126230693634,148.31087722004463,1.0203850868917073,0.25,4.081540347566829,2,True,"[(None, 500.0), (500.0, None)]"
CONCRETE.TENSIONED_AREA.COVER_THICKNESS,149.33126230693634,148.3108838440021,1.0203784629342465,0.25,4.081513851736986,2,True,"[(None, 50.0), (50.0, None)]"
FACADE.CONSTRUCTIVE_SYSTEM.SURFACE_OCCUPANCY_PERCENTAGE,149.33126230693634,148.31099295788528,1.0202693490510626,0.25,4.08107739620425,2,True,"[(None, 10.0), (10.0, None)]"
CONCRETE.TENSION_ZONE.COVER_THICKNESS,149.33126230693634,148.31105822307507,1.0202040838612731,0.25,4.080816335445093,2,True,"[(None, 50.0), (50.0, None)]"
CORRIDOR.OCCUPANCY.MAX,149.33126230693634,148.31182326025072,1.0194390466856191,0.25,4.0777561867424765,2,True,"[(None, 10.0), (10.0, None)]"
ZONE.TYPE,149.33126230693634,148.35154236749366,0.9797199394426741,0.25,3.9188797577706964,3,False,"['HOSPITALIZATION', 'INTENSIVE_TREATMENT', 'ZONE.OCCUPANCY.NULL']"
SEATING.TYPE,149.33126230693634,148.37204298345603,0.9592193234803119,0.25,3.8368772939212477,3,False,"['DEFINED', 'FIXED', 'UNDEFINED']"
EVACUATION.DIRECTION,149.33126230693634,148.4126617171254,0.9186005898109499,0.25,3.6744023592437998,2,False,"['ASCENDING', 'DESCENDING']"
CONCRETE.STRUCTURE.FIRE_RESISTANCE.MU_FI,149.33126230693634,148.44914715405793,0.8821151528784128,0.25,3.528460611513651,4,True,"[(None, 0.4), (0.4, 0.5), (0.5, 0.6), (0.6, None)]"
MASONRY.MATERIAL,149.33126230693634,148.4704961445788,0.8607661623575495,0.25,3.443064649430198,4,False,"['HOLLOW_BRICK', 'LIGHTWEIGHT_CLAY_BLOCKS', 'PERFORATED_BRICK', 'SOLID_BRICK']"
SLAB.SUPPORT.TYPE,149.33126230693634,148.52274196999468,0.8085203369416547,0.25,3.234081347766619,3,False,"['LINEAR', 'POINT', 'PUNCTUAL']"
STAIR.EVACUATION.HEIGHT,149.33126230693634,148.54032187928817,0.7909404276481666,0.25,3.1637617105926665,3,True,"[(None, 2.8), (2.8, 6.0), (6.0, None)]"
ATRIUM.EVACUATION_CAPACITY,149.33126230693634,148.57020533323498,0.7610569737013577,0.25,3.044227894805431,2,True,"[(None, 500.0), (500.0, None)]"
LOCATION.LEVEL,149.33126230693634,148.5779373019327,0.7533250050036315,0.25,3.013300020014526,2,False,"['ABOVE_GROUND', 'BELOW_GROUND']"
DOOR.FUNCTION,149.33126230693634,148.6031154210798,0.7281468858565461,0.25,2.9125875434261843,3,False,"['EXIT', 'EXIT.BUILDING', 'EXIT.FLOOR']"
COLUMN.REINFORCEMENT.PERCENTAGE,149.33126230693634,148.62621776271828,0.7050445442180546,0.25,2.8201781768722185,2,True,"[(None, 0.02), (0.02, None)]"
MATERIAL.WOOD.DENSITY.CHARACTERISTIC,149.33126230693634,148.66326449403167,0.6679978129046731,0.25,2.6719912516186923,4,True,"[(None, 290.0), (290.0, 450.0), (450.0, 480.0), (480.0, None)]"
MANHOLE_COVER.DIMENSION.WIDTH,149.33126230693634,148.67505028281437,0.6562120241219702,0.25,2.624848096487881,2,True,"[(None, 0.15), (0.15, None)]"
SECTOR.USAGE,149.33126230693634,148.67666378047824,0.654598526458102,0.25,2.618394105832408,8,False,"['ADMINISTRATIVE', 'PARKING', 'PUBLIC.ASSEMBLY', 'PUBLIC.COMMERCIAL', 'PUBLIC.EDUCATION', 'PUBLIC.HOSPITAL', 'PUBLIC.RESIDENTIAL', 'RESIDENTIAL.HOUSING']"
CORRIDOR.VENTILATION.TYPE,149.33126230693634,148.67817253899074,0.6530897679456018,0.25,2.6123590717824072,2,False,"['DUCTS', 'WINDOWS_OR_OPENINGS']"
MANHOLE_COVER.DIMENSION.LENGTH,149.33126230693634,148.67907515053793,0.6521871563984121,0.25,2.6087486255936483,2,True,"[(None, 0.15), (0.15, None)]"
TIMBER.DENSITY.CHARACTERISTIC,149.33126230693634,148.6823910171755,0.648871289760848,0.25,2.595485159043392,2,True,"[(None, 290.0), (290.0, None)]"
TIMBER.TYPE,149.33126230693634,148.69239940810772,0.63886289882862,0.25,2.55545159531448,2,False,"['GLUED_LAMINATED', 'SOLID']"
TRANSFORMATION_CENTER.APPARATUS.DIELECTRIC_INSULATION.FLASH_POINT,149.33126230693634,148.75853705275324,0.5727252541830978,0.25,2.2909010167323913,2,True,"[(None, 300.0), (300.0, None)]"
MATERIAL.WOOD.TYPE,149.33126230693634,148.8598597154214,0.4714025915149307,0.25,1.8856103660597228,2,False,"['MICROLAMINATED_WOOD', 'SOLID_OR_GLUED_LAMINATED_WOOD']"
ESTABLISHMENT.AREA.CONSTRUCTED,149.33126230693634,148.8878694732308,0.4433928337055306,0.25,1.7735713348221225,2,True,"[(None, 5000.0), (5000.0, None)]"
BEAM.LATERAL_THICKENING,149.33126230693634,148.92617850689103,0.4050838000453041,0.25,1.6203352001812164,3,True,"[(None, 0.1), (0.1, 10.0), (10.0, None)]"
DOOR.EVACUATION.CAPACITY,149.33126230693634,148.94230183444915,0.38896047248718446,0.25,1.5558418899487378,4,True,"[(None, 50.0), (50.0, 100.0), (100.0, 200.0), (200.0, None)]"
ESTABLISHMENT.OCCUPANCY,149.33126230693634,148.95501218092662,0.3762501260097224,0.25,1.5050005040388896,3,True,"[(None, 50.0), (50.0, 1000.0), (1000.0, None)]"
STAIRCASE.EVACUATION_DIRECTION,149.33126230693634,148.95621360858183,0.3750486983545045,0.25,1.500194793418018,2,False,"['ASCENDING', 'DESCENDING']"
FLOOR.TYPE,149.33126230693634,148.9564780418773,0.3747842650590485,0.25,1.499137060236194,8,False,"['ABOVE_GROUND', 'BASEMENT', 'EXIT_FLOOR', 'GROUND', 'HOSPITALIZATION', 'INTENSIVE_CARE', 'INTENSIVE_TREATMENT', 'MEZZANINE']"
ESTABLISHMENT.AREA.SIZE,149.33126230693634,148.97171252957827,0.3595497773580689,0.25,1.4381991094322757,3,True,"[(None, 500.0), (500.0, 1500.0), (1500.0, None)]"
PREMISES.VOLUME,149.33126230693634,148.98795704035624,0.34330526658010285,0.25,1.3732210663204114,2,True,"[(None, 500.0), (500.0, None)]"
PREMISES.FIRE_LOAD_TOTAL_WEIGHTED_CORRECTED,149.33126230693634,148.98970497017547,0.3415573367608715,0.25,1.366229347043486,2,True,"[(None, 3000000.0), (3000000.0, None)]"
OCCUPANTS.NUMBER,149.33126230693634,149.0081063800769,0.3231559268594424,0.25,1.2926237074377696,2,True,"[(None, 50.0), (50.0, None)]"
BUILDING.EVACUATION_HEIGHT,149.33126230693634,149.04180463364156,0.2894576732947769,0.25,1.1578306931791076,4,True,"[(None, 10.0), (10.0, 15.0), (15.0, 28.0), (28.0, None)]"
ELEMENT.CONNECTION.TYPE,149.33126230693634,149.11868254652734,0.21257976040899962,0.25,0.8503190416359985,7,False,"['BOLT', 'GLUED_ROD', 'MECHANICAL', 'NAIL', 'PIN', 'PLATE_CONNECTOR', 'RING_CONNECTOR']"
ELEMENT.MATERIAL,149.33126230693634,149.1284348992036,0.202827407732741,0.25,0.811309630930964,2,False,"['STEEL', 'TIMBER']"
PARKING.AREA.SIZE,149.33126230693634,149.16288799600335,0.1683743109329896,0.25,0.6734972437319584,2,True,"[(None, 500.0), (500.0, None)]"
PARKING.AREA,149.33126230693634,149.16600574135933,0.1652565655770104,0.25,0.6610262623080416,2,True,"[(None, 100.0), (100.0, None)]"
EVACUATION.HEIGHT,149.33126230693634,149.1736087137116,0.15765359322475092,0.25,0.6306143728990037,2,True,"[(None, 2.0), (2.0, None)]"
OCCUPANCY,149.33126230693634,149.17543274363965,0.15582956329669173,0.25,0.6233182531867669,2,True,"[(None, 50.0), (50.0, None)]"
SLAB.FIRE_RESISTANCE_R,149.33126230693634,149.24068782701715,0.09057447991918366,0.25,0.36229791967673464,2,True,"[(None, 90.0), (90.0, None)]"
FURNITURE.LOCATION,149.33126230693634,149.2565731103565,0.07468919657983975,0.25,0.298756786319359,4,False,"['ASSEMBLY_HALL', 'AUDITORIUM', 'CINEMA', 'THEATER']"
SLAB.FIRE_RESISTANCE.R,149.33126230693634,149.25810365728938,0.07315864964695606,0.25,0.29263459858782426,3,True,"[(None, 90.0), (90.0, 120.0), (120.0, None)]"
TRANSFORMATION_CENTER.APPARATUS.POWER_INSTALLED_TOTAL,149.33126230693634,149.25904285609067,0.07221945084566528,0.25,0.2888778033826611,2,True,"[(None, 4000.0), (4000.0, None)]"
TRANSFORMATION_CENTER.APPARATUS.POWER_INSTALLED_PER_UNIT,149.33126230693634,149.26376342012537,0.0674988868109665,0.25,0.269995547243866,2,True,"[(None, 1000.0), (1000.0, None)]"
BUILDING.ZONE.TYPE,149.33126230693634,149.26505274417366,0.06620956276267975,0.25,0.264838251050719,3,False,"['HOSPITALIZATION', 'INTENSIVE_TREATMENT', 'OTHER']"
STEEL_PLATE.THICKNESS,149.33126230693634,149.2752762946007,0.05598601233563727,0.25,0.22394404934254908,3,True,"[(None, 2.0), (2.0, 3.0), (3.0, None)]"
STANDARD.CITED.TYPE,149.33126230693634,149.27584363510215,0.05541867183418958,0.25,0.22167468733675832,3,False,"['UNE', 'UNE-EN', 'UNE-EN.ISO']"
ACCESS_ROAD.ALTERNATIVE.COUNT,149.33126230693634,149.27964201498318,0.05162029195315654,0.25,0.20648116781262615,2,True,"[(None, 2.0), (2.0, None)]"
ROUTE.LEADS_TO,149.33126230693634,149.28244866428722,0.04881364264912236,0.25,0.19525457059648943,3,False,"['ACCESSIBLE_BUILDING_EXIT', 'ALTERNATIVE_FIRE_SECTOR_FOR_DISABLED_EVACUATION', 'REFUGE_AREA']"
CHECKOUT.BATTERY.COUNT,149.33126230693634,149.28248135255785,0.048780954378486285,0.25,0.19512381751394514,3,True,"[(None, 5.0), (5.0, 10.0), (10.0, None)]"
ESTABLISHMENT.HAS_PRODUCT_CARTS,149.33126230693634,149.28375520545643,0.04750710147990844,0.25,0.19002840591963377,3,True,"[(None, 0.0), (0.0, 1.0), (1.0, None)]"
SLAB.FIRE_RESISTANCE_CRITERIA,149.33126230693634,149.28589511094188,0.0453671959944586,0.25,0.1814687839778344,3,False,"['E', 'I', 'R']"
BEAM.FIRE_RESISTANCE_RATING,149.33126230693634,149.28629497311624,0.044967333820096655,0.25,0.17986933528038662,3,False,"['REI 30', 'REI 60', 'REI 90']"
STANDARD.ORIGIN,149.33126230693634,149.2865070114091,0.04475529552723856,0.25,0.17902118210895424,3,False,"['CUSTOMS_ASSOCIATION_STATE', 'EEA_AGREEMENT_STATE', 'EU_MEMBER_STATE']"
AREA.FIRE.LOAD_TOTAL_CORRECTED,149.33126230693634,149.28712663699363,0.04413566994270468,0.25,0.17654267977081872,2,True,"[(None, 3000000.0), (3000000.0, None)]"
LOCATION.SEALED,149.33126230693634,149.2879983868502,0.04326392008613311,0.25,0.17305568034453245,3,True,"[(None, 0.0), (0.0, 1.0), (1.0, None)]"
SLAB.FUNCTION.FIRE_COMPARTMENTATION,149.33126230693634,149.28803183430227,0.043230472634064654,0.25,0.17292189053625862,3,True,"[(None, 0.0), (0.0, 1.0), (1.0, None)]"
BEAM.FLEXION.RATIO_IY_IX,149.33126230693634,149.28842213103295,0.042840175903393174,0.25,0.1713607036135727,3,True,"[(None, 1.5), (1.5, 2.0), (2.0, None)]"
SUPPORT.WALL.THICKNESS_CLASS,149.33126230693634,149.28904005162778,0.04222225530855894,0.25,0.16888902123423577,3,False,"['CLASS.1', 'CLASS.2', 'CLASS.3']"
LOCATION.BELOW_EXIT_FLOOR,149.33126230693634,149.2891945244119,0.0420677825244411,0.25,0.1682711300977644,3,True,"[(None, 0.0), (0.0, 1.0), (1.0, None)]"
STORAGE.HEIGHT,149.33126230693634,149.29055151635228,0.04071079058405758,0.25,0.1628431623362303,2,True,"[(None, 5.0), (5.0, None)]"
BUILDING.OCCUPANCY,149.33126230693634,149.29267218254807,0.03859012438826426,0.25,0.15436049755305703,2,True,"[(None, 500.0), (500.0, None)]"
BUILDING.AREA.PUBLIC_USE,149.33126230693634,149.2933848111113,0.03787749582502897,0.25,0.1515099833001159,2,True,"[(None, 400.0), (400.0, None)]"
ELEMENT.SEPARATES_BUILDING,149.33126230693634,149.29828690561817,0.03297540131816845,0.25,0.1319016052726738,2,True,"[(None, 1.0), (1.0, None)]"
BUILDING.OCCUPIES_ENTIRE_BUILDING,149.33126230693634,149.30051705549857,0.03074525143776441,0.25,0.12298100575105764,2,True,"[(None, 1.0), (1.0, None)]"
FLOOR_SLAB.LOWER_LINING,149.33126230693634,149.30201474484278,0.029247562093559054,0.25,0.11699024837423622,2,True,"[(None, 1.0), (1.0, None)]"
REFUGE.AREA,149.33126230693634,149.30221779710018,0.029044509836154475,0.25,0.1161780393446179,2,False,"['EXISTS', 'NOT_EXISTS']"
BEAM.LATERAL_BRACING.FAILURE_POSSIBLE,149.33126230693634,149.30224285722122,0.029019449715121937,0.25,0.11607779886048775,2,True,"[(None, 1.0), (1.0, None)]"
DOOR.CAN_CAUSE_EVACUATION_ERROR,149.33126230693634,149.30254753585805,0.028714771078284684,0.25,0.11485908431313874,2,True,"[(None, 1.0), (1.0, None)]"
CONNECTION.PROTECTION.TYPE,149.33126230693634,149.30270243328852,0.028559873647822087,0.25,0.11423949459128835,2,False,"['TIMBER_BOARDS', 'WOOD_BASED_PANELS']"
SLAB.LOWER_LINING,149.33126230693634,149.30282015805747,0.028442148878866647,0.25,0.11376859551546659,2,True,"[(None, 1.0), (1.0, None)]"
BEAM.FLEXION.DIRECTION,149.33126230693634,149.30293145890727,0.028330848029071376,0.25,0.1133233921162855,2,False,"['ONE', 'TWO']"
DOOR.HAS_AUTOMATIC_CLOSING_SYSTEM,149.33126230693634,149.30305556191172,0.02820674502461884,0.25,0.11282698009847536,2,True,"[(None, 1.0), (1.0, None)]"
ELEVATOR.EMERGENCY,149.33126230693634,149.3031234732721,0.028138833664229423,0.25,0.1125553346569177,2,False,"['EXISTS', 'NOT_EXISTS']"
CONSTRUCTION.PRODUCT.HAS_CE_MARKING,149.33126230693634,149.30324977497094,0.028012531965401877,0.25,0.1120501278616075,2,True,"[(None, 0.0), (0.0, None)]"
FLOOR.FIRE_RESISTANCE.REQUIRED,149.33126230693634,149.3035922707819,0.027670036154432864,0.25,0.11068014461773146,2,True,"[(None, 1.0), (1.0, None)]"
SLAB.INFILL_ELEMENTS,149.33126230693634,149.30361012197054,0.027652184965802462,0.25,0.11060873986320985,2,False,"['CERAMIC', 'CONCRETE']"
ROOM.AREA,149.33126230693634,149.3037179116484,0.027544395287947054,0.25,0.11017758115178822,2,True,"[(None, 90.0), (90.0, None)]"
ATRIUM.IS_FIRE_SECTOR,149.33126230693634,149.3041183975834,0.02714390935292954,0.25,0.10857563741171816,2,True,"[(None, 1.0), (1.0, None)]"
REFORM.AFFECTS.FIRE_PROTECTION_INSTALLATION_COMPONENT_AREAS,149.33126230693634,149.30426319320003,0.026999113736309255,0.25,0.10799645494523702,2,True,"[(None, 1.0), (1.0, None)]"
SUPPORT.BRACING.FAILURE.POSSIBLE,149.33126230693634,149.30426354812613,0.0269987588102083,0.25,0.1079950352408332,2,True,"[(None, 1.0), (1.0, None)]"
ZONE.OCCUPANTS.HAS_MENTAL_LIMITATIONS,149.33126230693634,149.30430655967893,0.026955747257403573,0.25,0.10782298902961429,2,True,"[(None, 1.0), (1.0, None)]"
ELEVATORS.CONNECTS_SPECIAL_RISK_AREA,149.33126230693634,149.30431830566886,0.026944001267480644,0.25,0.10777600506992258,2,True,"[(None, 1.0), (1.0, None)]"
STRUCTURAL_ELEMENT.TYPE,149.33126230693634,149.30461859127914,0.026643715657201028,0.25,0.10657486262880411,2,False,"['BEAM', 'SUPPORT']"
FIRE.PROTECTION.INSTALLATION.MANUAL.SIGNAGE,149.33126230693634,149.3046822194395,0.026580087496824945,0.25,0.10632034998729978,2,False,"['EXISTS', 'NOT_EXISTS']"
BUILDING.HAS_COMMERCIAL_USE,149.33126230693634,149.30479425409226,0.026468052844080603,0.25,0.10587221137632241,2,True,"[(None, 1.0), (1.0, None)]"
FLOOR_SLAB.FUNCTION.FIRE_COMPARTMENTATION,149.33126230693634,149.3048041993761,0.026458107560245026,0.25,0.1058324302409801,2,True,"[(None, 1.0), (1.0, None)]"
ELEVATORS.CONNECTS_DIFFERENT_FIRE_SECTORS,149.33126230693634,149.3048211349248,0.026441172011544722,0.25,0.10576468804617889,2,True,"[(None, 1.0), (1.0, None)]"
BUILDING.STRUCTURAL_ELEMENT.FLOOR,149.33126230693634,149.30494238240607,0.0263199245302701,0.25,0.1052796981210804,2,False,"['EXISTS', 'NOT_EXISTS']"
STRUCTURE.TIMBER.FRAMEWORK,149.33126230693634,149.30498236732518,0.026279939611157488,0.25,0.10511975844462995,2,False,"['EXISTS', 'NOT_EXISTS']"
INSPECTION_HATCH.SHAFT,149.33126230693634,149.3050995249357,0.026162782000625384,0.25,0.10465112800250154,2,False,"['EXISTS', 'NOT_EXISTS']"
CONSTRUCTION.ELEMENT.LAYER.SIDE_COUNT,149.33126230693634,149.30511138252348,0.026150924412860377,0.25,0.10460369765144151,2,True,"[(None, 2.0), (2.0, None)]"
ROUTE.IS_ACCESSIBLE,149.33126230693634,149.30516372925848,0.026098577677856838,0.25,0.10439431071142735,2,True,"[(None, 1.0), (1.0, None)]"
ESTABLISHMENT.ACTIVITY,149.33126230693634,149.30524960703997,0.026012699896369895,0.25,0.10405079958547958,2,False,"['RENTAL.STORAGE_ROOMS', 'RENTAL.WAREHOUSES']"
ELEMENT.COATED,149.33126230693634,149.30531088758957,0.025951419346768034,0.25,0.10380567738707214,2,True,"[(None, 1.0), (1.0, None)]"
SEPARATES.HIGH_SPECIAL_RISK_AREA,149.33126230693634,149.30533729191876,0.02592501501757738,0.25,0.10370006007030952,2,True,"[(None, 1.0), (1.0, None)]"
EVACUATION.ROUTE.HAS_MISLEADING_ALTERNATIVES,149.33126230693634,149.30533927687785,0.02592303005849317,0.25,0.10369212023397267,2,True,"[(None, 1.0), (1.0, None)]"
REFORM.ALTERS.OCCUPANCY_DISTRIBUTION,149.33126230693634,149.3054607789035,0.025801528032843635,0.25,0.10320611213137454,2,True,"[(None, 1.0), (1.0, None)]"
BUILDING.STRUCTURAL_ELEMENT.SPECIAL_RISK_AREA,149.33126230693634,149.30550184262287,0.025760464313464126,0.25,0.1030418572538565,2,False,"['EXISTS', 'NOT_EXISTS']"
FIRE.EXPOSURE.TIME.REQUIRED,149.33126230693634,149.3055327768979,0.025729530038432813,0.25,0.10291812015373125,2,True,"[(None, 1.0), (1.0, None)]"
TIMBER.ELEMENT.SECTION.TYPE,149.33126230693634,149.30561828388895,0.02564402304739133,0.25,0.10257609218956532,2,False,"['CIRCULAR.SOLID', 'RECTANGULAR.SOLID']"
PANEL.MATERIAL,149.33126230693634,149.30579738078762,0.02546492614871454,0.25,0.10185970459485816,2,False,"['WOOD', 'WOOD_DERIVATIVE']"
REFORM.AFFECTS.AREAS_WITH_FIRE_PROTECTION_COMPONENTS,149.33126230693634,149.30582153662948,0.025440770306857985,0.25,0.10176308122743194,2,True,"[(None, 1.0), (1.0, None)]"
FLOOR.EXIT.ACCESSIBLE.TO_ALTERNATIVE_FIRE_SECTOR,149.33126230693634,149.30584655722998,0.025415749706354518,0.25,0.10166299882541807,2,False,"['EXISTS', 'NOT_EXISTS']"
INSPECTION_HATCH.DUCT,149.33126230693634,149.30585863835915,0.02540366857718368,0.25,0.10161467430873472,2,False,"['EXISTS', 'NOT_EXISTS']"
FIRE.SECTOR.SIZE.PREVENTS_FULLY_DEVELOPED_FIRES,149.33126230693634,149.30607651022825,0.025185796708086627,0.25,0.10074318683234651,2,True,"[(None, 1.0), (1.0, None)]"
ELEMENT.SECTION.CLASS,149.33126230693634,149.30613396875236,0.02512833818397553,0.25,0.10051335273590212,2,True,"[(None, 4.0), (4.0, None)]"
SLAB.HAS_FIRE_COMPARTMENTATION_FUNCTION,149.33126230693634,149.30615696277158,0.02510534416475707,0.25,0.10042137665902828,2,True,"[(None, 1.0), (1.0, None)]"
DOOR.IS_NOT_EXIT,149.33126230693634,149.30619436137846,0.025067945557879057,0.25,0.10027178223151623,2,True,"[(None, 1.0), (1.0, None)]"
DOOR.IS_FIRE_RESISTANT,149.33126230693634,149.3062090074266,0.025053299509750104,0.25,0.10021319803900042,2,True,"[(None, 1.0), (1.0, None)]"
SUFFICIENT_INFORMATION,149.33126230693634,149.30625629223857,0.025006014697765977,0.25,0.10002405879106391,2,False,"['EXISTS', 'NOT_EXISTS']"
FLOOR.IS_BUILDING_EXIT_FLOOR,149.33126230693634,149.3062699295568,0.02499237737953308,0.25,0.09996950951813233,2,True,"[(None, 1.0), (1.0, None)]"
FACADE.LOWER_START.ACCESSIBLE_FROM_EXTERIOR_GROUND,149.33126230693634,149.30628001088627,0.024982296050069408,0.25,0.09992918420027763,2,True,"[(None, 1.0), (1.0, None)]"
REGULATORY.PROVISION.CITED,149.33126230693634,149.30629253778153,0.024969769154807864,0.25,0.09987907661923145,2,True,"[(None, 1.0), (1.0, None)]"
STAGE_BOX.OPENING.AUDIENCE_HALL.HAS_CURTAIN,149.33126230693634,149.30631661677558,0.02494569016076298,0.25,0.09978276064305192,2,True,"[(None, 1.0), (1.0, None)]"
BUILDING.FIRE_PROTECTION.INSTALLATIONS,149.33126230693634,149.3063360356445,0.024926271291832336,0.25,0.09970508516732934,2,False,"['EXISTS', 'NOT_EXISTS']"
ZONE.AREA,149.33126230693634,149.30652474462846,0.024737562307876715,0.25,0.09895024923150686,2,True,"[(None, 50.0), (50.0, None)]"
CHARRING.RATE.BEFORE_PROTECTION_FAILURE,149.33126230693634,149.30656329347357,0.02469901346276515,0.25,0.0987960538510606,2,False,"['EXISTS', 'NOT_EXISTS']"
FACADE.OPENING,149.33126230693634,149.30659538919258,0.024666917743758177,0.25,0.0986676709750327,2,False,"['EXISTS', 'NOT_EXISTS']"
EVACUATION.ORIGIN.HAS_DIRECT_EXIT_SIGN_VISIBILITY,149.33126230693634,149.30661819643205,0.02464411050428339,0.25,0.09857644201713356,2,True,"[(None, 1.0), (1.0, None)]"
FLOOR_SLAB.TYPE,149.33126230693634,149.3066721621377,0.02459014479865118,0.25,0.09836057919460472,2,False,"['ONE_WAY', 'TWO_WAY_RIBBED']"
BUILDING.USAGE.MAINTAINED,149.33126230693634,149.30670368330078,0.024558623635556387,0.25,0.09823449454222555,2,True,"[(None, 1.0), (1.0, None)]"
BUILDING.HAS_PERMANENT_CONTROL_POST,149.33126230693634,149.30674972507978,0.02451258185655547,0.25,0.09805032742622188,2,True,"[(None, 1.0), (1.0, None)]"
BUILDING.FLOORS.ABOVE_GROUND,149.33126230693634,149.3067985129831,0.02446379395323106,0.25,0.09785517581292424,2,True,"[(None, 4.0), (4.0, None)]"
PLANT.HAS_HOSPITALIZATION_AREA,149.33126230693634,149.3068006067611,0.02446170017523741,0.25,0.09784680070094964,2,True,"[(None, 1.0), (1.0, None)]"
EVACUATION.FROM_AREA.LEADS_TO_INTERIOR_SPACE,149.33126230693634,149.30680312270894,0.024459184227396236,0.25,0.09783673690958494,2,True,"[(None, 1.0), (1.0, None)]"
CONSTRUCTION.ELEMENT.LAYER_COUNT,149.33126230693634,149.30690018982818,0.02436211710815428,0.25,0.09744846843261712,2,True,"[(None, 1.0), (1.0, None)]"
PREMISES.CONTAINS_REGULATED_INSTALLATIONS,149.33126230693634,149.3069037613081,0.02435854562824602,0.25,0.09743418251298408,2,True,"[(None, 1.0), (1.0, None)]"
STAIRCASE.PROTECTED.STRUCTURAL_ELEMENT,149.33126230693634,149.30698155476944,0.024280752166902175,0.25,0.0971230086676087,2,False,"['EXISTS', 'NOT_EXISTS']"
AREA.PROTECTED_BY_AUTOMATIC_EXTINGUISHING_SYSTEM,149.33126230693634,149.3069899369811,0.024272369955241402,0.25,0.09708947982096561,2,True,"[(None, 1.0), (1.0, None)]"
STAGE_BOX.HAS_WALKWAYS_GALLERIES,149.33126230693634,149.30702467859075,0.02423762834558829,0.25,0.09695051338235317,2,True,"[(None, 1.0), (1.0, None)]"
EVACUATION.ORIGIN.HAS_DIRECT_EXIT_VISIBILITY,149.33126230693634,149.30710780501838,0.024154501917962534,0.25,0.09661800767185014,2,True,"[(None, 1.0), (1.0, None)]"
STORAGE_ROOM.IS_LINKED_TO_DWELLING,149.33126230693634,149.30714928086462,0.02411302607171706,0.25,0.09645210428686823,2,True,"[(None, 1.0), (1.0, None)]"
FLOOR.AREA,149.33126230693634,149.30717119571955,0.02409111121679075,0.25,0.096364444867163,2,True,"[(None, 1500.0), (1500.0, None)]"
BUILDING.HAS_AUTOMATIC_EXTINGUISHING_SYSTEM,149.33126230693634,149.30717865597313,0.024083650963206082,0.25,0.09633460385282433,2,True,"[(None, 1.0), (1.0, None)]"
FLOOR.EXIT.LOCATION,149.33126230693634,149.30721621914927,0.02404608778707029,0.25,0.09618435114828117,2,False,"['HOSPITALIZATION.AREA', 'INTENSIVE_TREATMENT.AREA']"
FLOOR_SLAB.INFILL_ELEMENTS,149.33126230693634,149.30727152725584,0.023990779680502783,0.25,0.09596311872201113,2,False,"['CERAMIC', 'CONCRETE']"
CONSTRUCTIVE.ELEMENT.FIRE_RESISTANCE.TESTING_AND_CLASSIFICATION_STANDARDS.NOT_AVAILABLE,149.33126230693634,149.307305348368,0.02395695856833413,0.25,0.09582783427333652,2,True,"[(None, 1.0), (1.0, None)]"
ZONE.SPECIAL_OR_CIRCUMSTANTIAL_USE_INCREASES_OCCUPANCY,149.33126230693634,149.30733343472002,0.023928872216316677,0.25,0.0957154888652667,2,True,"[(None, 1.0), (1.0, None)]"
AREA.IS_ANNEXED_TO_ENTERTAINMENT_OR_MEETING_ROOM,149.33126230693634,149.30734346952573,0.023918837410604965,0.25,0.09567534964241986,2,True,"[(None, 1.0), (1.0, None)]"
CEILING.SEPARATES_UPPER_FLOOR,149.33126230693634,149.30740592739178,0.02385637954455433,0.25,0.09542551817821732,2,True,"[(None, 1.0), (1.0, None)]"
WOOD.PROTECTION.EXISTS,149.33126230693634,149.3074443272189,0.02381797971744959,0.25,0.09527191886979836,2,True,"[(None, 1.0), (1.0, None)]"
BUILDING.FLOORS.BELOW_GROUND,149.33126230693634,149.3074788594389,0.023783447497436327,0.25,0.09513378998974531,2,True,"[(None, 3.0), (3.0, None)]"
CONSTRUCTION.PRODUCT.IS_SUPPLIED_TO_WORKS,149.33126230693634,149.30760084103213,0.02366146590421181,0.25,0.09464586361684724,2,True,"[(None, 1.0), (1.0, None)]"
BUILDING.HAS_OTHER_USES,149.33126230693634,149.30763320872487,0.02362909821147241,0.25,0.09451639284588964,2,True,"[(None, 1.0), (1.0, None)]"
KITCHEN.SMOKE_EXTRACTION_SYSTEM.IS_SPECIAL_RISK_PREMISES,149.33126230693634,149.30764613009075,0.023616176845592918,0.25,0.09446470738237167,2,True,"[(None, 1.0), (1.0, None)]"
BUILDING.EQUIPPED_WITH.DRY_RISER,149.33126230693634,149.30765158250995,0.02361072442639056,0.25,0.09444289770556225,2,True,"[(None, 1.0), (1.0, None)]"
BUILDING.HAS_MULTIPLE_FLOORS,149.33126230693634,149.30766031928152,0.02360198765481414,0.25,0.09440795061925655,2,True,"[(None, 1.0), (1.0, None)]"
REFORM.ALTERS.OCCUPANCY,149.33126230693634,149.30772012742983,0.0235421795065065,0.25,0.094168718026026,2,True,"[(None, 1.0), (1.0, None)]"
DOCUMENT.SPECIFIED_CASES,149.33126230693634,149.30774484470038,0.023517462235957964,0.25,0.09406984894383186,2,False,"['EXISTS', 'NOT_EXISTS']"
STAIRCASE.CONNECTS_DIFFERENT_FIRE_SECTORS,149.33126230693634,149.30782439646703,0.023437910469311873,0.25,0.0937516418772475,2,True,"[(None, 1.0), (1.0, None)]"
CONSTRUCTION.ELEMENT.EXPOSURE.FIRE.FACES,149.33126230693634,149.30786972376706,0.023392583169282943,0.25,0.09357033267713177,2,True,"[(None, 3.0), (3.0, None)]"
MATERIAL.INSULATING,149.33126230693634,149.30789580101464,0.02336650592170031,0.25,0.09346602368680124,2,False,"['EXISTS', 'NOT_EXISTS']"
DOOR.FIRE_RESISTANT,149.33126230693634,149.30793967012292,0.023322636813418285,0.25,0.09329054725367314,2,True,"[(None, 1.0), (1.0, None)]"
FIRE.EXTINGUISH_SYSTEM.TYPE,149.33126230693634,149.30802919620913,0.023233110727204576,0.25,0.0929324429088183,2,False,"['AUTOMATIC', 'NONE']"
DB.APPLICATION.INCOMPATIBLE_WITH_PROTECTION,149.33126230693634,149.3080729790454,0.023189327890946743,0.25,0.09275731156378697,2,True,"[(None, 1.0), (1.0, None)]"
STAGE_BOX.HAS_STAIRS,149.33126230693634,149.3081161059153,0.02314620102103504,0.25,0.09258480408414016,2,True,"[(None, 1.0), (1.0, None)]"
PENETRATION.SECTION_AREA,149.33126230693634,149.30812770516314,0.023134601773193708,0.25,0.09253840709277483,2,True,"[(None, 50.0), (50.0, None)]"
SLAB.INFILL.MATERIAL,149.33126230693634,149.308152081949,0.023110224987334504,0.25,0.09244089994933802,2,False,"['CERAMIC', 'CONCRETE']"
ATRIUM.OCCUPANCY_TOTAL,149.33126230693634,149.30816905654524,0.023093250391099218,0.25,0.09237300156439687,2,True,"[(None, 500.0), (500.0, None)]"
EVACUATION.ROUTE.TYPE,149.33126230693634,149.3081713415085,0.023090965427826404,0.25,0.09236386171130562,2,False,"['MOVING_WALKWAY', 'RAMP']"
SYSTEM.HAS_TECHNICAL_SUITABILITY_CERTIFICATION,149.33126230693634,149.3082120305445,0.023050276391842317,0.25,0.09220110556736927,2,True,"[(None, 1.0), (1.0, None)]"
REFORM.AFFECTS.CONSTRUCTIVE_ELEMENTS_SUPPORTING_FIRE_PROTECTION,149.33126230693634,149.30827629103908,0.022986015897259904,0.25,0.09194406358903962,2,True,"[(None, 1.0), (1.0, None)]"
ESTABLISHMENT.HAS_SHOWS,149.33126230693634,149.30832353419447,0.022938772741866842,0.25,0.09175509096746737,2,True,"[(None, 1.0), (1.0, None)]"
METHOD.SIMPLIFIED_ISOTHERM_500.APPLICABLE,149.33126230693634,149.30835209971082,0.022910207225521617,0.25,0.09164082890208647,2,True,"[(None, 1.0), (1.0, None)]"
PUBLIC_SALES_AREA.EXISTS,149.33126230693634,149.30837608908521,0.022886217851123547,0.25,0.09154487140449419,2,True,"[(None, 1.0), (1.0, None)]"
PROTECTION.FIXING.TYPE,149.33126230693634,149.30837853307833,0.022883773858012546,0.25,0.09153509543205018,2,False,"['NAILS', 'SCREWS']"
ROOF.CLADDING_OR_FINISH.MATERIAL.AREA_PERCENTAGE,149.33126230693634,149.30837880352811,0.02288350340822376,0.25,0.09153401363289504,2,True,"[(None, 0.1), (0.1, None)]"
SYSTEM.TYPE,149.33126230693634,149.30839194390654,0.022870363029795726,0.25,0.0914814521191829,2,False,"['COMPLEX', 'UNCONVENTIONAL']"
RISK.LEVEL,149.33126230693634,149.308396115944,0.02286619099234599,0.25,0.09146476396938397,2,False,"['HIGH', 'MEDIUM']"
SEPARATES.FIRE_SECTORS,149.33126230693634,149.30839654522572,0.02286576171061938,0.25,0.09146304684247752,2,True,"[(None, 1.0), (1.0, None)]"
AREA.AREA.TOTAL_CONSTRUCTED,149.33126230693634,149.30842645102143,0.022835855914905778,0.25,0.09134342365962311,2,True,"[(None, 1500.0), (1500.0, None)]"
BUILDING.PROTECTED,149.33126230693634,149.3084350944415,0.022827212494831883,0.25,0.09130884997932753,2,True,"[(None, 1.0), (1.0, None)]"
FLOOR.REFUGE_AREA,149.33126230693634,149.30843988781953,0.022822419116806714,0.25,0.09128967646722685,2,False,"['EXISTS', 'NOT_EXISTS']"
FLOOR.OCCUPANCY,149.33126230693634,149.30850999800464,0.022752308931700327,0.25,0.09100923572680131,2,True,"[(None, 0.0), (0.0, None)]"
ELEMENT.EXPOSED_TO_STANDARD_TIME_TEMPERATURE_CURVE,149.33126230693634,149.30853662781158,0.0227256791247612,0.25,0.0909027164990448,2,True,"[(None, 1.0), (1.0, None)]"
INSTALLATION.FIRE_RISK,149.33126230693634,149.3085419581309,0.02272034880544993,0.25,0.09088139522179972,2,False,"['EXISTS', 'NOT_EXISTS']"
STAIR.WIDTH.CONSTANT_ON_ALL_FLOORS,149.33126230693634,149.30854922118505,0.02271308575129183,0.25,0.09085234300516731,2,True,"[(None, 1.0), (1.0, None)]"
BUILDING.HAS_STAGE_BOX,149.33126230693634,149.30857870030655,0.022683606629783526,0.25,0.0907344265191341,2,True,"[(None, 1.0), (1.0, None)]"
SPACE.NOT_CONNECTED_TO_ROAD_NETWORK,149.33126230693634,149.30862862480123,0.022633682135108302,0.25,0.09053472854043321,2,True,"[(None, 1.0), (1.0, None)]"
SEPARATES.PROTECTED_STAIRCASE_OR_CORRIDOR,149.33126230693634,149.3086925015534,0.022569805382943287,0.25,0.09027922153177315,2,True,"[(None, 1.0), (1.0, None)]"
PREMISES.RISK.SPECIAL,149.33126230693634,149.3086978239824,0.02256448295392488,0.25,0.09025793181569952,2,True,"[(None, 1.0), (1.0, None)]"
STRUCTURAL.FIRE_RESISTANCE.CALCULATION.METHOD_IN_BASIC_DOCUMENT_USED,149.33126230693634,149.3087159711348,0.022546335801536088,0.25,0.09018534320614435,2,True,"[(None, 1.0), (1.0, None)]"
BUILDING.REQUIRES_EMERGENCY_PLAN,149.33126230693634,149.30872844285935,0.02253386407699054,0.25,0.09013545630796216,2,True,"[(None, 1.0), (1.0, None)]"
CERTIFICATION.EXISTS,149.33126230693634,149.30875522893115,0.022507078005190806,0.25,0.09002831202076322,2,True,"[(None, 1.0), (1.0, None)]"
FIRE.SECTOR.FIRE_LOAD_DISTRIBUTION.PREVENTS_FULLY_DEVELOPED_FIRES,149.33126230693634,149.30885338150432,0.022408925432017668,0.25,0.08963570172807067,2,True,"[(None, 1.0), (1.0, None)]"
DOOR.IS_DOUBLE_LEAF,149.33126230693634,149.30889964492417,0.02236266201217063,0.25,0.08945064804868252,2,True,"[(None, 1.0), (1.0, None)]"
CHARRING.INITIATION,149.33126230693634,149.3089598712695,0.022302435666830434,0.25,0.08920974266732173,2,False,"['EXISTS', 'NOT_EXISTS']"
ROOF.AREA.DISTANCE_TO_FACADE_VERTICAL_PROJECTION,149.33126230693634,149.30903916065012,0.022223146286222573,0.25,0.08889258514489029,2,True,"[(None, 5.0), (5.0, None)]"
FIRE.SPREAD.TYPE,149.33126230693634,149.30904550451578,0.02221680242055868,0.25,0.08886720968223472,2,False,"['HORIZONTAL', 'VERTICAL']"
BEAM.EXPOSURE.FACES,149.33126230693634,149.30905323933106,0.022209067605274413,0.25,0.08883627042109765,2,True,"[(None, 3.0), (3.0, None)]"
DOOR.INTENDED_TO_REMAIN_OPEN,149.33126230693634,149.30907495469495,0.02218735224138868,0.25,0.08874940896555472,2,True,"[(None, 1.0), (1.0, None)]"
AREA.FIRE.LOAD_DENSITY_CORRECTED,149.33126230693634,149.30909510723166,0.022167199704682616,0.25,0.08866879881873047,2,True,"[(None, 500.0), (500.0, None)]"
FACADE.HEIGHT,149.33126230693634,149.30909602955631,0.022166277380023303,0.25,0.08866510952009321,2,True,"[(None, 18.0), (18.0, None)]"
BUILDING.LOCATION,149.33126230693634,149.30910493881584,0.02215736812050295,0.25,0.0886294724820118,2,False,"['ABOVE_OTHER_USE', 'UNDER_DIFFERENT_USE']"
REFORM.ALTERS.EVACUATION_ELEMENTS_DISTRIBUTION,149.33126230693634,149.30911503277082,0.022147274165519093,0.25,0.08858909666207637,2,True,"[(None, 1.0), (1.0, None)]"
SLAB.FUNCTION.STRUCTURAL_RESISTANCE,149.33126230693634,149.30924298878443,0.022019318151905054,0.25,0.08807727260762022,2,True,"[(None, 1.0), (1.0, None)]"
CONNECTION.FASTENER.PROTECTION.TYPE,149.33126230693634,149.30924444908703,0.02201785784930621,0.25,0.08807143139722484,2,False,"['GLUED_PATCHES', 'GLUED_PLUGS']"
FIRE_RESISTANCE_TESTING_STANDARDS.NOT_AVAILABLE,149.33126230693634,149.30925182913592,0.022010477800421313,0.25,0.08804191120168525,2,True,"[(None, 1.0), (1.0, None)]"
FIRE.SECTOR.FLOOR_COUNT,149.33126230693634,149.30927660914864,0.021985697787698655,0.25,0.08794279115079462,2,True,"[(None, 1.0), (1.0, None)]"
CORRIDOR.PROTECTED.STRUCTURAL_ELEMENT,149.33126230693634,149.30929988318601,0.02196242375032398,0.25,0.08784969500129591,2,False,"['EXISTS', 'NOT_EXISTS']"
ESTABLISHMENT.IS_INTEGRATED_IN_SHOPPING_CENTER,149.33126230693634,149.30930656530518,0.02195574163116021,0.25,0.08782296652464083,2,True,"[(None, 1.0), (1.0, None)]"
ROOF.NOT_FOR_EVACUATION,149.33126230693634,149.30938757604005,0.02187473089628611,0.25,0.08749892358514444,2,True,"[(None, 1.0), (1.0, None)]"
FLOOR.EXIT.ACCESSIBLE,149.33126230693634,149.30940510424006,0.021857202696281774,0.25,0.0874288107851271,2,False,"['EXISTS', 'NOT_EXISTS']"
STAGE_BOX.HAS_COMMUNICATION.AUDIENCE_HALL,149.33126230693634,149.3094526847679,0.021809622168433407,0.25,0.08723848867373363,2,True,"[(None, 1.0), (1.0, None)]"
REFORM.AFFECTS.FIRE_PROTECTION_INSTALLATION_SUPPORT_ELEMENTS,149.33126230693634,149.3094992817552,0.021763025181144258,0.25,0.08705210072457703,2,True,"[(None, 1.0), (1.0, None)]"
ROOM.OCCUPANCY,149.33126230693634,149.3095180080773,0.021744298859033506,0.25,0.08697719543613402,2,True,"[(None, 100.0), (100.0, None)]"
DOOR.INTENDED_TO_BE_NORMALLY_OPEN,149.33126230693634,149.30952288523656,0.021739421699777495,0.25,0.08695768679910998,2,True,"[(None, 1.0), (1.0, None)]"
TIMBER.ELEMENT.SUBJECTED_TO,149.33126230693634,149.30952664654512,0.021735660391215106,0.25,0.08694264156486042,2,False,"['BENDING', 'COMPRESSION']"
ESTABLISHMENT.REQUIRES_FIRE_SECTOR,149.33126230693634,149.30955641018676,0.021705896749580234,0.25,0.08682358699832093,2,True,"[(None, 0.0), (0.0, None)]"
WORK.USES_COMPLEX_OR_UNCONVENTIONAL_SYSTEMS,149.33126230693634,149.30956470482755,0.02169760210878735,0.25,0.0867904084351494,2,True,"[(None, 1.0), (1.0, None)]"
CONSTRUCTION.ELEMENT.HAS_CE_MARKING,149.33126230693634,149.30960117893733,0.021661127999010432,0.25,0.08664451199604173,2,True,"[(None, 0.0), (0.0, None)]"
STORAGE_ROOM.COMMUNICATES_WITH_GARAGE_AREA,149.33126230693634,149.30965283642388,0.021609470512458984,0.25,0.08643788204983593,2,True,"[(None, 1.0), (1.0, None)]"
ELECTRICAL.INSTALLATION.COMPONENTS,149.33126230693634,149.30965851221399,0.02160379472235263,0.25,0.08641517888941053,2,False,"['EXISTS', 'NOT_EXISTS']"
BUILDING.STRUCTURAL_ELEMENT.FLOOR.SEPARATES_FIRE_SECTORS,149.33126230693634,149.30966410099444,0.021598205941899096,0.25,0.08639282376759638,2,True,"[(None, 1.0), (1.0, None)]"
STAIRCASE.HAS_FACADES,149.33126230693634,149.30967084640235,0.02159146053398331,0.25,0.08636584213593324,2,True,"[(None, 1.0), (1.0, None)]"
SUPPORT.REINFORCEMENT.PERCENTAGE,149.33126230693634,149.3097166749752,0.021545631961146228,0.25,0.08618252784458491,2,True,"[(None, 0.02), (0.02, None)]"
BUILDING.USAGE.IS_MAINTAINED,149.33126230693634,149.30973924466116,0.021523062275178972,0.25,0.08609224910071589,2,True,"[(None, 1.0), (1.0, None)]"
FIRE.EXPOSURE.TIME.REQUIRED.HAS_VALUE,149.33126230693634,149.3097637188395,0.021498588096847016,0.25,0.08599435238738806,2,True,"[(None, 1.0), (1.0, None)]"
PLANT.HAS_SPECIAL_UNITS,149.33126230693634,149.30977960301743,0.021482703918906054,0.25,0.08593081567562422,2,True,"[(None, 1.0), (1.0, None)]"
STANDARD.REPLACEMENT.PROPOSED,149.33126230693634,149.3098144076562,0.021447899280133242,0.25,0.08579159712053297,2,True,"[(None, 1.0), (1.0, None)]"
AREA.HAS_APPARATUS,149.33126230693634,149.30984242592376,0.021419881012576525,0.25,0.0856795240503061,2,True,"[(None, 0.0), (0.0, None)]"
SLAB.HAS_LOWER_LINING,149.33126230693634,149.30995373187253,0.021308575063812896,0.25,0.08523430025525158,2,True,"[(None, 1.0), (1.0, None)]"
CONSTRUCTION.ELEMENTS,149.33126230693634,149.30995877213286,0.02130353480347935,0.25,0.0852141392139174,2,False,"['EXISTS', 'NOT_EXISTS']"
BUILDING.OCCUPANTS.MAJORITY_REQUIRE_EVACUATION_ASSISTANCE,149.33126230693634,149.3100010774943,0.02126122944204667,0.25,0.08504491776818668,2,True,"[(None, 1.0), (1.0, None)]"
BUILDING.STRUCTURAL_ELEMENT.MAIN,149.33126230693634,149.31001464036308,0.021247666573259494,0.25,0.08499066629303798,2,False,"['EXISTS', 'NOT_EXISTS']"
FIRE.PROTECTION.INSTALLATION.MANUAL,149.33126230693634,149.31004387183935,0.021218435096983512,0.25,0.08487374038793405,2,False,"['EXISTS', 'NOT_EXISTS']"
BEAM.HAS_NOTCHES,149.33126230693634,149.31009621871033,0.021166088226010515,0.25,0.08466435290404206,2,True,"[(None, 1.0), (1.0, None)]"
ROAD.ACCESS.FIRE_DEPARTMENT.SECTION.IS_CURVED,149.33126230693634,149.31016678632022,0.021095520616114527,0.25,0.08438208246445811,2,True,"[(None, 1.0), (1.0, None)]"
FACADE.LOWER_START.ACCESSIBLE_FROM_ROOF,149.33126230693634,149.31020052035927,0.021061786577064368,0.25,0.08424714630825747,2,True,"[(None, 1.0), (1.0, None)]"
ROOF.HEIGHT_ABOVE_GROUND,149.33126230693634,149.3102954356201,0.020966871316232982,0.25,0.08386748526493193,2,True,"[(None, 28.0), (28.0, None)]"
SPACE.NOT_CONNECTED_TO_OPEN_SPACES,149.33126230693634,149.31032110737456,0.020941199561775647,0.25,0.08376479824710259,2,True,"[(None, 1.0), (1.0, None)]"
PREMISES.OCCUPIABLE_POINT,149.33126230693634,149.31042728602216,0.020835020914176994,0.25,0.08334008365670798,2,True,"[(None, 1.0), (1.0, None)]"
TIMBER.ELEMENT.CALCULATION.CONSIDERS_BRACING_EFFECT,149.33126230693634,149.31053446084917,0.020727846087169155,0.25,0.08291138434867662,2,True,"[(None, 1.0), (1.0, None)]"
FIRE_SECTOR.DELIMITING_ELEMENT.CONSIDERS_FIRE_ACTION_FROM_OPPOSITE_SIDE,149.33126230693634,149.31061546197606,0.02064684496028235,0.25,0.0825873798411294,2,True,"[(None, 1.0), (1.0, None)]"
ZONE.OCCUPANCY.NULL,149.33126230693634,149.31062425976663,0.020638047169711626,0.25,0.0825521886788465,2,True,"[(None, 1.0), (1.0, None)]"
ELEMENTS.SEPARATE_DIFFERENT_ESTABLISHMENTS,149.33126230693634,149.31067573384541,0.02058657309092382,0.25,0.08234629236369528,2,True,"[(None, 1.0), (1.0, None)]"
ELEMENT.COATING.CE_MARKED,149.33126230693634,149.31086679519456,0.020395511741782002,0.25,0.08158204696712801,2,True,"[(None, 1.0), (1.0, None)]"
REFORM.AFFECTS.CONSTRUCTIVE_ELEMENTS_SUPPORTING_FIRE_PROTECTION_INSTALLATIONS,149.33126230693634,149.31112665621532,0.020135650721016418,0.25,0.08054260288406567,2,True,"[(None, 1.0), (1.0, None)]"
REINFORCEMENT.LAYER_COUNT,149.33126230693634,149.31112869720312,0.020133609733221647,0.25,0.08053443893288659,2,True,"[(None, 1.0), (1.0, None)]"
BUILDING.STRUCTURAL_ELEMENT.COMMON,149.33126230693634,149.31122092348934,0.020041383446994132,0.25,0.08016553378797653,2,False,"['EXISTS', 'NOT_EXISTS']"
STEEL_PLATE.PROTRUSION_FROM_WOOD_SURFACE,149.33126230693634,149.31124414241276,0.020018164523577298,0.25,0.08007265809430919,2,True,"[(None, 0.0), (0.0, None)]"
STAGE_BOX.HAS_WALKWAYS,149.33126230693634,149.31134711545798,0.019915191478361294,0.25,0.07966076591344518,2,True,"[(None, 1.0), (1.0, None)]"
STRUCTURE.BRACED,149.33126230693634,149.3113979563468,0.019864350589529067,0.25,0.07945740235811627,2,True,"[(None, 1.0), (1.0, None)]"
BEAM.EXPOSED.ALL_SIDES,149.33126230693634,149.31145394784932,0.01980835908702261,0.25,0.07923343634809044,2,True,"[(None, 1.0), (1.0, None)]"
ELEMENT.IS_CROSSED_BY_INSTALLATION,149.33126230693634,149.31151444987174,0.01974785706460125,0.25,0.078991428258405,2,True,"[(None, 1.0), (1.0, None)]"
AREA.GROUPING.AREA.TOTAL_CONSTRUCTED,149.33126230693634,149.31162935923976,0.01963294769657864,0.25,0.07853179078631456,2,True,"[(None, 1000.0), (1000.0, None)]"
ROUTE.FOR_DISABLED_PERSONS,149.33126230693634,149.311649987262,0.019612319674337186,0.25,0.07844927869734875,2,True,"[(None, 1.0), (1.0, None)]"
LANDING.DIMENSIONS.STRICTLY_NECESSARY_BASED_ON_WIDTH,149.33126230693634,149.3116520246769,0.019610282259435508,0.25,0.07844112903774203,2,True,"[(None, 1.0), (1.0, None)]"
ROOF.INTENDED_FOR_EVACUATION,149.33126230693634,149.31179557502378,0.019466731912558544,0.25,0.07786692765023417,2,True,"[(None, 0.0), (0.0, None)]"
EVACUATION.ROUTE.CROSSES_ZONE,149.33126230693634,149.3119815197433,0.019280787193025617,0.25,0.07712314877210247,2,False,"['PARKING_ZONE', 'PARKING_ZONE.INDEPENDENCE_VESTIBULE']"
STAIRS.CONNECTS_SPECIAL_RISK_AREA,149.33126230693634,149.31230761319983,0.018954693736503714,0.25,0.07581877494601486,2,True,"[(None, 1.0), (1.0, None)]"
ROOF.NOT_FOR_ACTIVITY,149.33126230693634,149.3123407526843,0.01892155425204578,0.25,0.07568621700818312,2,True,"[(None, 1.0), (1.0, None)]"
SPACE.HIDDEN,149.33126230693634,149.31274784677544,0.01851446016090108,0.25,0.07405784064360432,2,False,"['EXISTS', 'NOT_EXISTS']"
STAIRS.CONNECTS_DIFFERENT_FIRE_SECTORS,149.33126230693634,149.31276589504594,0.018496411890396303,0.25,0.07398564756158521,2,True,"[(None, 1.0), (1.0, None)]"
EVACUATION.HEIGHT.DESCENDING.REQUIRES_MULTIPLE_EXITS,149.33126230693634,149.31282659327263,0.01843571366370611,0.25,0.07374285465482444,2,True,"[(None, 1.0), (1.0, None)]"
MATERIAL.BOARD,149.33126230693634,149.31318732298104,0.018074983955301605,0.25,0.07229993582120642,2,False,"['EXISTS', 'NOT_EXISTS']"
STRUCTURAL_ELEMENT.SUBJECTED_TO_TENSION,149.33126230693634,149.31390886730878,0.017353439627555645,0.25,0.06941375851022258,2,True,"[(None, 1.0), (1.0, None)]"
PANEL.LAYER.TYPE,149.33126230693634,149.33126230693634,0.0,0.25,0.0,1,False,['MULTIPLE']
ACCESS_ROAD.TYPE,149.33126230693634,149.33126230693634,0.0,0.25,0.0,1,False,['DEAD_END']
SYSTEM.FUNCTION,149.33126230693634,149.33126230693634,0.0,0.25,0.0,1,False,['FIRE_COMPARTMENTATION']
SUPPORT.MATERIAL,149.33126230693634,149.33126230693634,0.0,0.25,0.0,1,False,['STEEL']
STRUCTURE.MATERIAL,149.33126230693634,149.33126230693634,0.0,0.25,0.0,1,False,['REINFORCED_CONCRETE']
ROOM.USAGE,149.33126230693634,149.33126230693634,0.0,0.25,0.0,1,False,['PUBLIC.ASSEMBLY']
STAIR.PROTECTION.TYPE,149.33126230693634,149.33126230693634,0.0,0.25,0.0,1,False,['PROTECTED']
ELEMENT.COATING.TYPE,149.33126230693634,149.33126230693634,0.0,0.25,0.0,1,False,['FIRE_PROTECTION']
FLOOR.EXIT.TYPE,149.33126230693634,149.33126230693634,0.0,0.25,0.0,1,False,['PASSAGE_DOOR.INDEPENDENCE_VESTIBULE.DIFFERENT_FIRE_SECTOR.SAME_FLOOR']
BOARD.USAGE,149.33126230693634,149.33126230693634,0.0,0.25,0.0,1,False,['PROTECTION']
FIRE.SECTOR.RISK,149.33126230693634,149.33126230693634,0.0,0.25,0.0,1,False,['MINIMUM']
JOINT.PROTECTION,149.33126230693634,149.33126230693634,0.0,0.25,0.0,1,False,['UNPROTECTED']
PARKING.LOCATION,149.33126230693634,149.33126230693634,0.0,0.25,0.0,1,False,['BELOW_OTHER_USE']
CORRIDOR.USERS.TYPE,149.33126230693634,149.33126230693634,0.0,0.25,0.0,1,False,['REGULAR']
COLUMN.CONSTRUCTION.TYPE,149.33126230693634,149.33126230693634,0.0,0.25,0.0,1,False,['ON_SITE']
DOOR.CLOSING_SYSTEM,149.33126230693634,149.33126230693634,0.0,0.25,0.0,1,False,['AUTOMATIC']
SECTOR.FIRE_RISK,149.33126230693634,149.33126230693634,0.0,0.25,0.0,1,False,['MINIMUM']
ENCLOSURE.TYPE,149.33126230693634,149.33126230693634,0.0,0.25,0.0,1,False,['CLOSED']
ROAD.SECTION.TYPE,149.33126230693634,149.33126230693634,0.0,0.25,0.0,1,False,['CURVED']
SLAB.FUNCTION,149.33126230693634,149.33126230693634,0.0,0.25,0.0,1,False,['FIRE.COMPARTMENTATION']
PROTECTION.STATUS,149.33126230693634,149.33126230693634,0.0,0.25,0.0,1,False,['PROTECTED']
MATERIAL.SUBTYPE,149.33126230693634,149.33126230693634,0.0,0.25,0.0,1,False,['PLYWOOD.PANELS']
DOOR.STATUS,149.33126230693634,149.33126230693634,0.0,0.25,0.0,1,False,['CLOSED.SECURE']
SUPPORT.ENCASEMENT.MATERIAL,149.33126230693634,149.33126230693634,0.0,0.25,0.0,1,False,['MASONRY']
USAGE,149.33126230693634,149.33126230693634,0.0,0.25,0.0,1,False,['PARKING']
SECTOR.RISK,149.33126230693634,149.33126230693634,0.0,0.25,0.0,1,False,['MINIMUM']
FIRE.SPREAD.LOCATION,149.33126230693634,149.33126230693634,0.0,0.25,0.0,1,False,['EXTERNAL']
STEEL_PLATE.POSITION,149.33126230693634,149.33126230693634,0.0,0.25,0.0,1,False,['CENTRAL_PIECE']
ELEMENT.LOAD.TYPE,149.33126230693634,149.33126230693634,0.0,0.25,0.0,1,False,['TENSION']
DOOR.LOCATION,149.33126230693634,149.33126230693634,0.0,0.25,0.0,1,False,['BETWEEN_FIRE_SECTORS']
AREA.PREVIOUS_USAGE,149.33126230693634,149.33126230693634,0.0,0.25,0.0,1,False,['RESIDENTIAL.HOUSING']
FACADE.FIRE_RESISTANCE,149.33126230693634,149.33126230693634,0.0,0.25,0.0,1,False,['EI 60']
EQUIPMENT.TYPE,149.33126230693634,149.33126230693634,0.0,0.25,0.0,1,False,['APARATOS']
REINFORCEMENT.LOCATION,149.33126230693634,149.33126230693634,0.0,0.25,0.0,1,False,['BEAM.CORNER']
MANHOLE_COVER.LOCATION,149.33126230693634,149.33126230693634,0.0,0.25,0.0,1,False,['MANEUVER_SPACE']
SUPPORT.ENCASEMENT.COVERAGE,149.33126230693634,149.33126230693634,0.0,0.25,0.0,1,False,['ALL_EXPOSED_SIDES']
ELEMENT.SECTION.TYPE,149.33126230693634,149.33126230693634,0.0,0.25,0.0,1,False,['THIN_WALLED']
SOLUTION.TYPE,149.33126230693634,149.33126230693634,0.0,0.25,0.0,1,False,['ALTERNATIVE']
EXIT.TYPE,149.33126230693634,149.33126230693634,0.0,0.25,0.0,1,False,['EMERGENCY']
AREA.SUBTYPE,149.33126230693634,149.33126230693634,0.0,0.25,0.0,1,False,['ESCUELAS.INFANTILES']
LAG_SCREW.LOAD.TYPE,149.33126230693634,149.33126230693634,0.0,0.25,0.0,1,False,['AXIAL']
ADHESIVE.USAGE,149.33126230693634,149.33126230693634,0.0,0.25,0.0,1,False,['STRUCTURAL']
CONSTRUCTION.ELEMENT.TYPE,149.33126230693634,149.33126230693634,0.0,0.25,0.0,1,False,['BEAM']
BEAM.FIRE_RESISTANCE,149.33126230693634,149.33126230693634,0.0,0.25,0.0,1,False,['R90']
SITUATION.TYPE,149.33126230693634,149.33126230693634,0.0,0.25,0.0,1,False,['FIRE']
FURNITURE.TYPE,149.33126230693634,149.33126230693634,0.0,0.25,0.0,1,False,['UPHOLSTERED_FIXED_SEATING']
MATERIAL.PROTECTION,149.33126230693634,149.33126230693634,0.0,0.25,0.0,1,False,['NONE']
FIRE_RESISTANCE.CALCULATION_METHOD,149.33126230693634,149.33126230693634,0.0,0.25,0.0,1,False,['REDUCED_SECTION']
LOCATION,149.33126230693634,149.33126230693634,0.0,0.25,0.0,1,False,['CEILING']
INSULATION.SYSTEM.LOCATION,149.33126230693634,149.33126230693634,0.0,0.25,0.0,1,False,['VENTILATED_CAVITY']
FLOOR_SLAB.FIRE_RESISTANCE,149.33126230693634,149.33126230693634,0.0,0.25,0.0,1,False,['R120']
GYPSUM.MORTAR.COATING.LOCATION,149.33126230693634,149.33126230693634,0.0,0.25,0.0,1,False,['CEILING']
ROOM.EXIT.ACCESS_TYPE,149.33126230693634,149.33126230693634,0.0,0.25,0.0,1,False,['LATERAL_TO_CORRIDOR']
DECORATIVE.ELEMENT.TYPE,149.33126230693634,149.33126230693634,0.0,0.25,0.0,1,False,['SUSPENDED_TEXTILE']
STAIR.PROTECTION.STATUS,149.33126230693634,149.33126230693634,0.0,0.25,0.0,1,False,['UNPROTECTED']
STEEL.PLATE.USAGE,149.33126230693634,149.33126230693634,0.0,0.25,0.0,1,False,['SIDE_PIECE']
COATING.MATERIAL,149.33126230693634,149.33126230693634,0.0,0.25,0.0,1,False,['GYPSUM.MORTAR']
ROOM.TYPE,149.33126230693634,149.33126230693634,0.0,0.25,0.0,1,False,['HOSPITALIZED_PATIENTS_UNIT']
FLOOR.USAGE,149.33126230693634,149.33126230693634,0.0,0.25,0.0,1,False,['PARKING']
JOINT.MATERIAL,149.33126230693634,149.33126230693634,0.0,0.25,0.0,1,False,['TIMBER']
BEAM.EXPOSURE,149.33126230693634,149.33126230693634,0.0,0.25,0.0,1,False,['ALL_FACES']
ZONE.RISK.LEVEL,149.33126230693634,149.33126230693634,0.0,0.25,0.0,1,False,['HIGH']
BUILDING.USAGE.LOCATION,149.33126230693634,149.33126230693634,0.0,0.25,0.0,1,False,['UNDER_OTHER_USES']
FACADE.ELEMENT.FIRE_RESISTANCE,149.33126230693634,149.33126230693634,0.0,0.25,0.0,1,False,['EI_60']
ENCLOSURE.MATERIAL,149.33126230693634,149.33126230693634,0.0,0.25,0.0,1,False,['TEXTILE']
CONSTRUCTION.ELEMENT.MATERIAL,149.33126230693634,149.33126230693634,0.0,0.25,0.0,1,False,['REINFORCED_CONCRETE']
