feature,base_entropy,expected_entropy,IG,cost,IG_per_cost,num_values,numeric,categories_or_bins,max_dismissal_rate,avg_dismissal_rate,best_dismissal_value
STEEL_PLATE.WIDTH,139.93845110069256,0.0,139.93845110069256,0.25,559.7538044027702,0,False,[],0.0,0.0,N/A
BEAM.FIRE_RESISTANCE,139.93845110069256,0.0,139.93845110069256,0.25,559.7538044027702,2,True,"[(None, 90.0), (90.0, None)]",0.0,0.0,N/A
STAIRCASE.UNPROTECTED.MAX_HEIGHT,139.93845110069256,0.0,139.93845110069256,0.25,559.7538044027702,0,False,[],0.0,0.0,N/A
AREA.OCCUPANCY,139.93845110069256,0.0,139.93845110069256,0.25,559.7538044027702,2,True,"[(None, 500.0), (500.0, None)]",0.0,0.0,N/A
TIMBER_PIECE.WIDTH,139.93845110069256,0.0,139.93845110069256,0.25,559.7538044027702,0,False,[],0.0,0.0,N/A
ROOF.FIRE_SECTOR,139.93845110069256,0.0,139.93845110069256,0.25,559.7538044027702,0,False,[],0.0,0.0,N/A
FACADE.FIRE_SECTOR,139.93845110069256,0.0,139.93845110069256,0.25,559.7538044027702,0,False,[],0.0,0.0,N/A
AREA.EXIT.COUNT,139.93845110069256,0.0,139.93845110069256,0.25,559.7538044027702,2,True,"[(None, 1.0), (1.0, None)]",0.0,0.0,N/A
STAIR.COUNT,139.93845110069256,0.0,139.93845110069256,0.25,559.7538044027702,2,True,"[(None, 1.0), (1.0, None)]",0.0,0.0,N/A
BUILDING.USAGE,139.93845110069256,127.56713646879473,12.371314631897832,0.25,49.48525852759133,23,False,"['ADMINISTRATIVE', 'AGRICULTURE', 'ASSISTANCE.OUTPATIENT', 'AUDITORIUM', 'CINEMA', 'COMMERCIAL', 'DISCOTHEQUE', 'EDUCATION', 'GENERAL', 'HEALTHCARE.OUTPATIENT', 'HOSPITAL', 'PARKING', 'PUBLIC.ASSEMBLY', 'PUBLIC.COMMERCIAL', 'PUBLIC.EDUCATION', 'PUBLIC.HOSPITAL', 'PUBLIC.RESIDENTIAL', 'RESIDENTIAL.HOUSING', 'RESIDENTIAL.HOUSING.SINGLE_FAMILY', 'SPORTS_VENUE', 'STORAGE', 'THEATER', 'TRANSPORT.TERMINAL']",0.38120567375886527,0.37511563367252543,AGRICULTURE
STAIRCASE.TYPE,139.93845110069256,132.51689454506425,7.421556555628314,0.25,29.686226222513255,7,False,"['DOUBLE_FLIGHT', 'EVACUATION.ASCENDING', 'EVACUATION.DESCENDING', 'OPEN_TO_EXTERIOR_STAIRCASE', 'PROTECTED', 'SPECIALLY_PROTECTED', 'UNPROTECTED']",0.30141843971631205,0.29685916919959476,DOUBLE_FLIGHT
BUILDING.BUILT_AREA,139.93845110069256,133.64501594942175,6.293435151270813,0.25,25.173740605083253,6,True,"[(None, 2.0), (2.0, 500.0), (500.0, 1000.0), (1000.0, 2000.0), (2000.0, 5000.0), (5000.0, None)]",0.2872340425531915,0.28132387706855794,≤2.0
PARKING.TYPE,139.93845110069256,134.04570617476918,5.892744925923381,0.25,23.570979703693524,3,False,"['CONVENTIONAL', 'ROBOTIC', 'ROBOTIZED']",0.28900709219858156,0.2854609929078014,CONVENTIONAL
EVACUATION.HEIGHT,139.93845110069256,134.17559368704022,5.762857413652341,0.25,23.051429654609365,5,True,"[(None, 15.0), (15.0, 24.0), (24.0, 28.0), (28.0, 50.0), (50.0, None)]",0.2907801418439716,0.28120567375886524,≤15.0
BUILDING.EVACUATION.HEIGHT,139.93845110069256,135.6552763270716,4.283174773620971,0.25,17.132699094483883,4,True,"[(None, 15.0), (15.0, 20.0), (20.0, 28.0), (28.0, None)]",0.28191489361702127,0.28102836879432624,≤15.0
SLAB.TYPE,139.93845110069256,135.88814921779922,4.050301882893336,0.25,16.201207531573345,4,False,"['CONTINUOUS', 'RIBBED', 'SOLID', 'UNIDIRECTIONAL']",0.29432624113475175,0.2894503546099291,UNIDIRECTIONAL
BUILDING.TOTAL_BUILT_AREA,139.93845110069256,136.2938985781983,3.6445525224942514,0.25,14.578210089977006,4,True,"[(None, 2000.0), (2000.0, 5000.0), (5000.0, 10000.0), (10000.0, None)]",0.28191489361702127,0.2792553191489362,≤2000.0
FASTENER.TYPE,139.93845110069256,136.2968213406339,3.641629760058663,0.25,14.566519040234652,5,False,"['BOLT', 'CONNECTOR', 'NAIL.SMOOTH', 'PIN', 'SCREW']",0.28191489361702127,0.28191489361702127,BOLT
AREA.TYPE,139.93845110069256,136.64648509164604,3.2919660090465186,0.25,13.167864036186074,5,False,"['ATRIUM', 'BUILT_UP.BORDERING_FOREST', 'BUILT_UP.WITHIN_FOREST', 'REFUGE_AREA', 'SALES']",0.2854609929078014,0.2836879432624113,ATRIUM
ELEMENT.TYPE,139.93845110069256,136.71930720972549,3.219143890967075,0.25,12.8765755638683,15,False,"['BEAM', 'COMPOSITE', 'CORRIDOR', 'DOOR', 'LIGHTING_ELEMENT', 'PASSAGE', 'PASSAGE.BETWEEN.FIXED_SEATS', 'RAMP', 'ROOFLIGHT', 'SKYLIGHT', 'SLAB.BIDIRECTIONAL', 'STAIR', 'STRUCTURAL', 'VENTILATION_ELEMENT', 'VERTICAL_SEPARATOR']",0.2978723404255319,0.29621749408983455,DOOR
AREA.RISK_LEVEL,139.93845110069256,136.85330623527855,3.0851448654140086,0.25,12.340579461656034,4,False,"['SPECIAL', 'SPECIAL.HIGH', 'SPECIAL.LOW', 'SPECIAL.MEDIUM']",0.2801418439716312,0.2788120567375887,SPECIAL
LOCATION.TYPE,139.93845110069256,136.87417227317619,3.0642788275163753,0.25,12.257115310065501,8,False,"['NON_SEALED_HIDDEN_SPACE', 'OCCUPIABLE_ZONE', 'OUTDOOR', 'PARKING', 'PROTECTED_CORRIDOR', 'PROTECTED_STAIR', 'SEALED_SPACE_WITH_FIRE_RISK_INSTALLATIONS', 'SPECIAL_RISK_ENCLOSURE']",0.28191489361702127,0.28191489361702127,NON_SEALED_HIDDEN_SPACE
DOOR.TYPE,139.93845110069256,136.9291546754892,3.0092964252033596,0.25,12.037185700813438,7,False,"['AUTOMATIC.PEDESTRIAN', 'EXIT', 'FIRE_RESISTANT', 'HINGED', 'REVOLVING', 'TILT_AND_TURN', 'TWO_LEAF']",0.28368794326241137,0.28242147922998984,HINGED
PANEL.FIXING.METHOD,139.93845110069256,136.92930375247607,3.009147348216487,0.25,12.036589392865949,2,False,"['NAILS', 'SCREWS']",0.2783687943262411,0.2774822695035461,SCREWS
PROJECT.TYPE,139.93845110069256,136.93069883212752,3.007752268565042,0.25,12.031009074260169,2,False,"['REFORM', 'USAGE.CHANGE.PARTIAL']",0.2783687943262411,0.2774822695035461,USAGE.CHANGE.PARTIAL
AREA.USAGE,139.93845110069256,137.1018558105344,2.836595290158158,0.25,11.346381160632632,16,False,"['ADMINISTRATIVE', 'CLEANING_STORAGE', 'COMMERCIAL', 'EDUCATION', 'INDUSTRIAL', 'LODGING', 'MACHINE_ROOM', 'PARKING', 'PUBLIC.ASSEMBLY', 'PUBLIC.COMMERCIAL', 'PUBLIC.EDUCATION', 'PUBLIC.RESIDENTIAL', 'RESIDENTIAL.HOUSING', 'RESTROOM', 'STORAGE', 'TOILET.FLOOR']",0.2907801418439716,0.28845301418439717,COMMERCIAL
STRUCTURAL_ELEMENT.TYPE,139.93845110069256,137.24612263077051,2.692328469922046,0.25,10.769313879688184,5,False,"['BEAM', 'FLOOR_SLAB', 'SLAB', 'SUPPORT', 'SUPPORTING_STRUCTURE']",0.2783687943262411,0.27801418439716313,FLOOR_SLAB
COATING.MATERIAL,139.93845110069256,137.304825801579,2.633625299113561,0.25,10.534501196454244,2,False,"['GYPSUM.MORTAR', 'GYPSUM_MORTAR']",0.2801418439716312,0.2783687943262412,GYPSUM.MORTAR
SECTOR.USAGE,139.93845110069256,137.40532717524283,2.533123925449729,0.25,10.132495701798916,8,False,"['ADMINISTRATIVE', 'COMMERCIAL', 'EDUCATION', 'PARKING', 'PUBLIC.ASSEMBLY', 'PUBLIC.HOSPITAL', 'PUBLIC.RESIDENTIAL', 'RESIDENTIAL.HOUSING']",0.2783687943262411,0.2783687943262411,ADMINISTRATIVE
MATERIAL.TYPE,139.93845110069256,137.5654452991737,2.3730058015188717,0.25,9.492023206075487,9,False,"['CLADDING', 'EXTERIOR_FINISH', 'REINFORCED_CONCRETE', 'WOOD', 'WOOD.BOARD', 'WOOD.DERIVED_BOARD', 'WOOD.HARDWOOD.SOLID_OR_GLUED_LAMINATED', 'WOOD.MICROLAMINATED', 'WOOD.PLYWOOD_BOARD']",0.2872340425531915,0.2858550039401103,CLADDING
FLOOR_SLAB.TYPE,139.93845110069256,137.92776497526,2.0106861254325565,0.25,8.042744501730226,2,False,"['ONE_WAY', 'TWO_WAY_RIBBED']",0.2783687943262411,0.276595744680851,ONE_WAY
CORRIDOR.VENTILATION.TYPE,139.93845110069256,137.93032934902686,2.0081217516656977,0.25,8.032487006662791,2,False,"['DUCTS', 'WINDOWS_OR_OPENINGS']",0.2765957446808511,0.2765957446808511,DUCTS
BONDING.MATERIAL.PRIMARY,139.93845110069256,137.9303857392392,2.0080653614533617,0.25,8.032261445813447,2,False,"['STEEL.BARS', 'WOOD']",0.2765957446808511,0.2765957446808511,STEEL.BARS
JOINT.TYPE,139.93845110069256,137.93165412642236,2.006796974270202,0.25,8.027187897080807,2,False,"['UNPROTECTED_EDGES.GENERAL', 'UNPROTECTED_EDGES.ONE_OR_TWO_SIDES']",0.2765957446808511,0.2765957446808511,UNPROTECTED_EDGES.GENERAL
ZONE.TYPE,139.93845110069256,137.94552612897309,1.992924971719475,0.25,7.9716998868779,9,False,"['ARCHIVES', 'CLEANING_STORAGE', 'HOSPITALIZATION', 'INSTALLATION_ROOMS', 'INTENSIVE_TREATMENT', 'MACHINE_ROOMS', 'RESIDENTIAL_STORAGE', 'SPECIAL_RISK', 'WAREHOUSES']",0.2783687943262411,0.2783687943262411,ARCHIVES
CONNECTION.TYPE,139.93845110069256,138.10326571839897,1.835185382293588,0.25,7.340741529174352,4,False,"['BOLTED_CONNECTIONS', 'GLUED_FILLET', 'STEEL_PLATE', 'WOOD_BASED_PANEL']",0.2783687943262411,0.2770390070921986,STEEL_PLATE
BEAM.TYPE,139.93845110069256,138.3037746565529,1.6346764441396715,0.25,6.538705776558686,2,False,"['CONTINUOUS', 'FLAT']",0.2783687943262411,0.2774822695035461,CONTINUOUS
ESTABLISHMENT.USAGE,139.93845110069256,138.40013507150215,1.5383160291904119,0.25,6.1532641167616475,6,False,"['ADMINISTRATIVE', 'PUBLIC.ASSEMBLY', 'PUBLIC.COMMERCIAL', 'PUBLIC.EDUCATION', 'PUBLIC.HOSPITAL', 'PUBLIC.RESIDENTIAL']",0.2801418439716312,0.2789598108747045,ADMINISTRATIVE
ZONE.USAGE,139.93845110069256,138.90704250878622,1.0314085919063416,0.25,4.125634367625366,2,False,"['DETENTION', 'OUTPATIENT_HEALTHCARE']",0.2765957446808511,0.2765957446808511,DETENTION
REFUGE.AREA.REQUIRED_SPACES,139.93845110069256,138.92767977959312,1.0107713210994405,0.25,4.043085284397762,2,True,"[(None, 0.0), (0.0, None)]",0.2765957446808511,0.275709219858156,≤0.0
FIRE.RESISTANCE,139.93845110069256,138.92882901364885,1.0096220870437094,0.25,4.0384883481748375,2,True,"[(None, 90.0), (90.0, None)]",0.2765957446808511,0.275709219858156,≤90.0
ROOF.TYPE,139.93845110069256,138.92887461440137,1.009576486291195,0.25,4.03830594516478,2,False,"['LIGHT', 'SAFE_EXTERIOR_SPACE']",0.2765957446808511,0.275709219858156,LIGHT
OCCUPANTS.EVACUATION_COUNT,139.93845110069256,138.92959228289243,1.0088588178001316,0.25,4.035435271200527,2,True,"[(None, 50.0), (50.0, None)]",0.2765957446808511,0.275709219858156,≤50.0
SLAB.FUNCTION,139.93845110069256,138.929626754757,1.008824345935551,0.25,4.035297383742204,2,False,"['FIRE.COMPARTMENTATION', 'RESISTANCE']",0.2765957446808511,0.275709219858156,RESISTANCE
FACADE.CONSTRUCTION_SYSTEM.SURFACE_OCCUPANCY,139.93845110069256,138.92991108594657,1.0085400147459893,0.25,4.034160058983957,2,True,"[(None, 0.1), (0.1, None)]",0.2765957446808511,0.275709219858156,≤0.1
FLOOR.EVACUATION_HEIGHT,139.93845110069256,138.93006243675174,1.0083886639408206,0.25,4.033554655763282,2,True,"[(None, 28.0), (28.0, None)]",0.2765957446808511,0.275709219858156,≤28.0
BUILDING.EVACUATION.HEIGHT.DOWNWARD,139.93845110069256,138.93014307611216,1.0083080245804013,0.25,4.033232098321605,2,True,"[(None, 9.0), (9.0, None)]",0.2765957446808511,0.275709219858156,≤9.0
CORRIDOR.OCCUPANCY,139.93845110069256,138.93021961599004,1.0082314847025202,0.25,4.032925938810081,2,True,"[(None, 10.0), (10.0, None)]",0.2765957446808511,0.275709219858156,>10.0
CONCRETE.COVER.TENSIONED_AREA,139.93845110069256,138.93025010341472,1.0082009972778394,0.25,4.032803989111358,2,True,"[(None, 50.0), (50.0, None)]",0.2765957446808511,0.275709219858156,≤50.0
BUILDING.AREA.CONSTRUCTED,139.93845110069256,138.93040607975718,1.0080450209353842,0.25,4.032180083741537,2,True,"[(None, 1000.0), (1000.0, None)]",0.2765957446808511,0.275709219858156,≤1000.0
CONCRETE.COVER.THICKNESS,139.93845110069256,138.93053109730866,1.0079200033839015,0.25,4.031680013535606,2,True,"[(None, 50.0), (50.0, None)]",0.2765957446808511,0.275709219858156,≤50.0
FACADE.HEIGHT,139.93845110069256,138.93065801191437,1.007793088778186,0.25,4.031172355112744,2,True,"[(None, 18.0), (18.0, None)]",0.2765957446808511,0.275709219858156,>18.0
ESTABLISHMENT.LODGING_PLACES,139.93845110069256,138.93085393651808,1.0075971641744843,0.25,4.030388656697937,2,True,"[(None, 20.0), (20.0, None)]",0.2765957446808511,0.275709219858156,>20.0
INSTALLED.POWER,139.93845110069256,138.93108328825605,1.007367812436513,0.25,4.029471249746052,2,True,"[(None, 50.0), (50.0, None)]",0.2765957446808511,0.275709219858156,≤50.0
EXIT.CAPACITY,139.93845110069256,138.93135237743974,1.007098723252824,0.25,4.028394893011296,2,True,"[(None, 500.0), (500.0, None)]",0.2765957446808511,0.275709219858156,>500.0
BUILDING.BED_COUNT,139.93845110069256,138.93224903494328,1.006202065749278,0.25,4.024808262997112,2,True,"[(None, 100.0), (100.0, None)]",0.2765957446808511,0.275709219858156,≤100.0
BUILDING.EVACUATION.HEIGHT_DOWNWARD,139.93845110069256,138.93301888285367,1.0054322178388873,0.25,4.021728871355549,2,True,"[(None, 9.0), (9.0, None)]",0.2765957446808511,0.275709219858156,≤9.0
DOOR.FUNCTION,139.93845110069256,138.9903509744931,0.9481001261994493,0.25,3.792400504797797,3,False,"['EXIT', 'EXIT.BUILDING', 'EXIT.FLOOR']",0.2765957446808511,0.2760047281323877,EXIT.BUILDING
MATERIAL.THICKNESS,139.93845110069256,139.00106747028957,0.9373836304029908,0.25,3.749534521611963,3,True,"[(None, 20.0), (20.0, 45.0), (45.0, None)]",0.2765957446808511,0.2760047281323877,≤20.0
STAIR.EVACUATION.DIRECTION,139.93845110069256,139.10268267086684,0.8357684298257197,0.25,3.343073719302879,4,False,"['ASCENDING', 'DESCENDING', 'DOWNWARD', 'UPWARD']",0.2978723404255319,0.29343971631205673,ASCENDING
AREA.SIZE,139.93845110069256,139.132887827029,0.8055632736635516,0.25,3.2222530946542065,6,True,"[(None, 50.0), (50.0, 100.0), (100.0, 250.0), (250.0, 400.0), (400.0, 500.0), (500.0, None)]",0.2783687943262411,0.27689125295508277,>500.0
ESTABLISHMENT.AREA.SIZE,139.93845110069256,139.3029356187455,0.635515481947067,0.25,2.542061927788268,3,True,"[(None, 500.0), (500.0, 1500.0), (1500.0, None)]",0.2765957446808511,0.2754137115839243,≤500.0
FIRE.RESISTANCE.VALUE,139.93845110069256,139.3130444959117,0.6254066047808635,0.25,2.501626419123454,2,True,"[(None, 120.0), (120.0, None)]",0.2765957446808511,0.2765957446808511,≤120.0
SLAB.SUPPORT.TYPE,139.93845110069256,139.32573657679526,0.6127145238972957,0.25,2.450858095589183,3,False,"['LINEAR', 'POINT', 'PUNCTUAL']",0.28368794326241137,0.28191489361702127,POINT
ESTABLISHMENT.OCCUPANCY,139.93845110069256,139.40734599163585,0.5311051090567105,0.25,2.124420436226842,3,True,"[(None, 50.0), (50.0, 1000.0), (1000.0, None)]",0.2765957446808511,0.2760047281323877,≤50.0
STAIR.EVACUATION.HEIGHT,139.93845110069256,139.51841782698256,0.4200332737100041,0.25,1.6801330948400164,3,True,"[(None, 2.8), (2.8, 6.0), (6.0, None)]",0.2783687943262411,0.2783687943262411,≤2.8
ESTABLISHMENT.BUILT_AREA,139.93845110069256,139.53177053856297,0.40668056212959414,0.25,1.6267222485183765,2,True,"[(None, 5000.0), (5000.0, None)]",0.274822695035461,0.274822695035461,≤5000.0
STAIRCASE.EVACUATION.DIRECTION,139.93845110069256,139.5724828519992,0.3659682486933491,0.25,1.4638729947733964,2,False,"['ASCENDING', 'DESCENDING']",0.2783687943262411,0.2774822695035461,DESCENDING
FLOOR.OCCUPANCY,139.93845110069256,139.61136241453121,0.32708868616134623,0.25,1.308354744645385,2,True,"[(None, 50.0), (50.0, None)]",0.2765957446808511,0.275709219858156,≤50.0
PREMISES.VOLUME,139.93845110069256,139.61215770188642,0.3262933988061434,0.25,1.3051735952245735,2,True,"[(None, 500.0), (500.0, None)]",0.2765957446808511,0.275709219858156,≤500.0
BEAM.LATERAL_THICKENING,139.93845110069256,139.61344280193424,0.3250082987583198,0.25,1.3000331950332793,2,True,"[(None, 10.0), (10.0, None)]",0.2765957446808511,0.275709219858156,≤10.0
PREMISES.FIRE.LOAD_TOTAL_CORRECTED,139.93845110069256,139.61374317515885,0.3247079255337155,0.25,1.298831702134862,2,True,"[(None, 3000000.0), (3000000.0, None)]",0.2765957446808511,0.275709219858156,≤3000000.0
BEAM.LATERAL_THICKENING.SIZE,139.93845110069256,139.6157990610079,0.3226520396846695,0.25,1.290608158738678,2,True,"[(None, 10.0), (10.0, None)]",0.2765957446808511,0.275709219858156,≤10.0
EVACUATION.HEIGHT.ASCENDING,139.93845110069256,139.61890232879142,0.3195487719011396,0.25,1.2781950876045585,2,True,"[(None, 2.0), (2.0, None)]",0.2765957446808511,0.275709219858156,≤2.0
FIRE_RESISTANCE.R_VALUE,139.93845110069256,139.61958196541164,0.3188691352809201,0.25,1.2754765411236804,2,True,"[(None, 90.0), (90.0, None)]",0.2765957446808511,0.275709219858156,≤90.0
SUPPORT.REINFORCEMENT.PERCENTAGE,139.93845110069256,139.6210855068058,0.31736559388676255,0.25,1.2694623755470502,2,True,"[(None, 0.02), (0.02, None)]",0.2765957446808511,0.275709219858156,≤0.02
FIRE_RESISTANCE.R,139.93845110069256,139.62389320139428,0.31455789929827915,0.25,1.2582315971931166,2,True,"[(None, 90.0), (90.0, None)]",0.2765957446808511,0.275709219858156,≤90.0
COLUMN.REINFORCEMENT.PERCENTAGE,139.93845110069256,139.627151667507,0.3112994331855532,0.25,1.2451977327422128,2,True,"[(None, 0.02), (0.02, None)]",0.2765957446808511,0.275709219858156,≤0.02
SLAB.FIRE_RESISTANCE,139.93845110069256,139.63745304663382,0.3009980540587378,0.25,1.2039922162349512,3,True,"[(None, 90.0), (90.0, 120.0), (120.0, None)]",0.28191489361702127,0.2771867612293144,≤90.0
ACCESS_ROAD.ALTERNATIVE.COUNT,139.93845110069256,139.68616408014168,0.2522870205508809,0.25,1.0091480822035237,2,True,"[(None, 2.0), (2.0, None)]",0.2765957446808511,0.275709219858156,>2.0
BUILDING.AREA,139.93845110069256,139.71200609275905,0.2264450079335063,0.25,0.9057800317340252,6,True,"[(None, 500.0), (500.0, 1000.0), (1000.0, 2000.0), (2000.0, 5000.0), (5000.0, 10000.0), (10000.0, None)]",0.28900709219858156,0.2789598108747045,≤500.0
PARKING.AREA.CONSTRUCTED,139.93845110069256,139.74203664939512,0.19641445129744284,0.25,0.7856578051897714,2,True,"[(None, 500.0), (500.0, None)]",0.2765957446808511,0.275709219858156,≤500.0
EVACUATION.OCCUPANTS,139.93845110069256,139.74533465522399,0.19311644546857565,0.25,0.7724657818743026,2,True,"[(None, 50.0), (50.0, None)]",0.274822695035461,0.274822695035461,≤50.0
SMOKE_PROTECTION.TYPE,139.93845110069256,139.77958117727667,0.15886992341589234,0.25,0.6354796936635694,2,False,"['DIFFERENTIAL_PRESSURE_SYSTEM', 'MECHANICAL_VENTILATION']",0.2765957446808511,0.2765957446808511,DIFFERENTIAL_PRESSURE_SYSTEM
MATERIAL.DENSITY,139.93845110069256,139.79873096164897,0.1397201390435896,0.25,0.5588805561743584,4,True,"[(None, 290.0), (290.0, 450.0), (450.0, 480.0), (480.0, None)]",0.2783687943262411,0.27703900709219853,≤290.0
SLAB.FIRE_RESISTANCE.R,139.93845110069256,139.81722876417285,0.1212223365197076,0.25,0.4848893460788304,3,True,"[(None, 90.0), (90.0, 120.0), (120.0, None)]",0.2801418439716312,0.2765957446808511,≤90.0
AREA.EVACUATION.CAPACITY,139.93845110069256,139.8203252501151,0.1181258505774565,0.25,0.472503402309826,2,True,"[(None, 500.0), (500.0, None)]",0.2765957446808511,0.275709219858156,≤500.0
ROOF.ZONE.DISTANCE_TO_FACADE_VERTICAL_PROJECTION,139.93845110069256,139.8325980670234,0.105853033669149,0.25,0.423412134676596,2,True,"[(None, 5.0), (5.0, None)]",0.2765957446808511,0.275709219858156,>5.0
FACADE.FIRE_RESISTANCE.EI,139.93845110069256,139.8346387389069,0.103812361785657,0.25,0.415249447142628,2,True,"[(None, 60.0), (60.0, None)]",0.2765957446808511,0.275709219858156,>60.0
MATERIAL.COVERAGE_PERCENTAGE,139.93845110069256,139.83524500872602,0.10320609196654118,0.25,0.4128243678661647,2,True,"[(None, 0.1), (0.1, None)]",0.2765957446808511,0.275709219858156,≤0.1
ELEMENT.MATERIAL,139.93845110069256,139.86317883189275,0.07527226879980731,0.25,0.30108907519922923,2,False,"['STEEL', 'TIMBER']",0.2783687943262411,0.276595744680851,STEEL
AREA.FUNCTION,139.93845110069256,139.86858764587316,0.06986345481939793,0.25,0.2794538192775917,2,False,"['OPEN_DOCUMENT_ARCHIVE', 'SELF_SERVICE_SALES']",0.2765957446808511,0.2765957446808511,OPEN_DOCUMENT_ARCHIVE
PUBLIC_AREA.TYPE,139.93845110069256,139.8754363501405,0.06301475055207106,0.25,0.25205900220828426,8,False,"['AUDITORIUM', 'CINEMA', 'CONGRESS_HALL', 'FAIR_VENUE', 'MUSEUM', 'RELIGIOUS_WORSHIP', 'SPORTS_VENUE', 'THEATER']",0.274822695035461,0.27482269503546103,AUDITORIUM
STAIR.PROTECTION,139.93845110069256,139.87730494251974,0.06114615817281788,0.25,0.2445846326912715,2,False,"['PROTECTED', 'UNPROTECTED']",0.2783687943262411,0.2774822695035461,PROTECTED
AREA.FIRE.LOAD_TOTAL_CORRECTED,139.93845110069256,139.8927884446179,0.04566265607465425,0.25,0.182650624298617,2,True,"[(None, 3000000.0), (3000000.0, None)]",0.2765957446808511,0.275709219858156,≤3000000.0
STAIRCASE.EVACUATION.HEIGHT,139.93845110069256,139.8963951052731,0.04205599541947436,0.25,0.16822398167789743,2,True,"[(None, 2.8), (2.8, None)]",0.2765957446808511,0.275709219858156,≤2.8
BUILDING.LOCATION,139.93845110069256,139.89803767366362,0.040413427028937576,0.25,0.1616537081157503,2,False,"['ABOVE_OTHER_USE', 'BELOW_DIFFERENT_USE']",0.2765957446808511,0.275709219858156,ABOVE_OTHER_USE
AREA.STORAGE.HEIGHT,139.93845110069256,139.89847063988242,0.03998046081014195,0.25,0.1599218432405678,2,True,"[(None, 5.0), (5.0, None)]",0.2765957446808511,0.275709219858156,≤5.0
DOOR.PASSAGE.OCCUPANTS,139.93845110069256,139.89856701533373,0.039884085358835364,0.25,0.15953634143534146,3,True,"[(None, 100.0), (100.0, 200.0), (200.0, None)]",0.274822695035461,0.274822695035461,≤100.0
BUILDING.TYPE,139.93845110069256,139.90227244477612,0.03617865591644431,0.25,0.14471462366577725,5,False,"['ADJACENT', 'DETACHED', 'EXCLUSIVE_USE', 'SINGLE_FAMILY.GROUPED', 'SINGLE_FAMILY.SEMI_DETACHED']",0.274822695035461,0.274822695035461,ADJACENT
PREMISES.AREA,139.93845110069256,139.90599181724397,0.032459283448588394,0.25,0.12983713379435358,2,True,"[(None, 1000.0), (1000.0, None)]",0.2765957446808511,0.275709219858156,≤1000.0
HOSPITAL.ZONE.TYPE,139.93845110069256,139.90787472678971,0.0305763739028464,0.25,0.1223054956113856,3,False,"['HOSPITALIZATION', 'INTENSIVE_TREATMENT', 'OTHER']",0.2783687943262411,0.2771867612293144,OTHER
BUILDING.AREA.PUBLIC_USE,139.93845110069256,139.90816657943805,0.030284521254515084,0.25,0.12113808501806034,2,True,"[(None, 400.0), (400.0, None)]",0.2765957446808511,0.275709219858156,≤400.0
OCCUPANCY,139.93845110069256,139.9091934144524,0.029257686240157454,0.25,0.11703074496062982,2,True,"[(None, 500.0), (500.0, None)]",0.2765957446808511,0.275709219858156,≤500.0
STAIR.TYPE,139.93845110069256,139.91140403240567,0.027047068286890408,0.25,0.10818827314756163,4,False,"['FIRE_COMPARTMENTED', 'PROTECTED', 'SPECIALLY_PROTECTED', 'UNPROTECTED']",0.274822695035461,0.274822695035461,FIRE_COMPARTMENTED
FORCES.TYPE,139.93845110069256,139.9172873918072,0.02116370888535357,0.25,0.08465483554141429,3,False,"['BENDING', 'COMPRESSION', 'FLEXOCOMPRESSION']",0.274822695035461,0.274822695035461,BENDING
CANTILEVER.PROJECTION,139.93845110069256,139.9177555059923,0.020695594700271158,0.25,0.08278237880108463,2,True,"[(None, 1.0), (1.0, None)]",0.274822695035461,0.274822695035461,≤1.0
PUBLIC_SALES_AREA.AREA,139.93845110069256,139.91813599277685,0.020315107915706676,0.25,0.0812604316628267,2,True,"[(None, 1500.0), (1500.0, None)]",0.2765957446808511,0.275709219858156,≤1500.0
USAGE,139.93845110069256,139.91833641656183,0.02011468413073203,0.25,0.08045873652292812,3,False,"['AUDITORIUM', 'CINEMA', 'THEATER']",0.274822695035461,0.274822695035461,AUDITORIUM
DOOR.LOCATION.OCCUPANTS,139.93845110069256,139.91865972806386,0.019791372628702675,0.25,0.0791654905148107,2,True,"[(None, 50.0), (50.0, None)]",0.274822695035461,0.274822695035461,≤50.0
STANDARD.ORIGIN,139.93845110069256,139.9199725033519,0.018478597340674696,0.25,0.07391438936269878,3,False,"['CUSTOMS_ASSOCIATION_STATE', 'EEA_MEMBER_STATE', 'EU_MEMBER_STATE']",0.274822695035461,0.274822695035461,CUSTOMS_ASSOCIATION_STATE
PUBLIC_SALES_AREA.FIRE_LOAD_DENSITY,139.93845110069256,139.92053752523884,0.017913575453718522,0.25,0.07165430181487409,2,True,"[(None, 500.0), (500.0, None)]",0.2765957446808511,0.275709219858156,≤500.0
STANDARD.TYPE,139.93845110069256,139.92083295735375,0.017618143338808068,0.25,0.07047257335523227,3,False,"['UNE', 'UNE-EN', 'UNE-EN ISO']",0.274822695035461,0.274822695035461,UNE
SUPPORT.CLASS,139.93845110069256,139.92089391774587,0.017557182946688954,0.25,0.07022873178675582,3,False,"['1', '2', '3']",0.274822695035461,0.274822695035461,1
STEEL_PLATE.THICKNESS,139.93845110069256,139.92336545265033,0.01508564804223056,0.25,0.06034259216892224,3,True,"[(None, 2.0), (2.0, 3.0), (3.0, None)]",0.274822695035461,0.274822695035461,≤2.0
COMMERCIAL.ESTABLISHMENT.CART_USAGE_FORESEEN,139.93845110069256,139.9237719490665,0.014679151626069142,0.25,0.05871660650427657,3,True,"[(None, 0.0), (0.0, 1.0), (1.0, None)]",0.274822695035461,0.274822695035461,≤0.0
FLOORS.ABOVE_GROUND,139.93845110069256,139.92457718719663,0.013873913495928036,0.25,0.055495653983712145,2,True,"[(None, 4.0), (4.0, None)]",0.274822695035461,0.274822695035461,≤4.0
FIRE.PROTECTION.INSTALLATION.MANUAL.SIGNAGE,139.93845110069256,139.92506091422277,0.013390186469791843,0.25,0.05356074587916737,2,False,"['EXISTS', 'NOT_EXISTS']",0.274822695035461,0.274822695035461,EXISTS
FIRE.PROTECTION.INSTALLATION.MANUAL,139.93845110069256,139.92604666373015,0.012404436962413001,0.25,0.049617747849652005,2,False,"['EXISTS', 'NOT_EXISTS']",0.274822695035461,0.274822695035461,EXISTS
CEILING.SEPARATES_UPPER_FLOOR,139.93845110069256,139.92694616224463,0.01150493844792777,0.25,0.04601975379171108,2,True,"[(None, 1.0), (1.0, None)]",0.274822695035461,0.274822695035461,≤1.0
STANDARD.IS_CITED,139.93845110069256,139.9272501140798,0.011200986612749375,0.25,0.0448039464509975,2,True,"[(None, 1.0), (1.0, None)]",0.274822695035461,0.274822695035461,≤1.0
BUILDING.HAS_OTHER_USES,139.93845110069256,139.9273806931828,0.011070407509748748,0.25,0.04428163003899499,2,True,"[(None, 1.0), (1.0, None)]",0.274822695035461,0.274822695035461,≤1.0
STAGE_BOX.HAS_STAIRS,139.93845110069256,139.92738699036946,0.011064110323104615,0.25,0.04425644129241846,2,True,"[(None, 1.0), (1.0, None)]",0.274822695035461,0.274822695035461,≤1.0
DOOR.INTENDED_TO_REMAIN_OPEN,139.93845110069256,139.9275336004185,0.010917500274047143,0.25,0.04367000109618857,2,True,"[(None, 1.0), (1.0, None)]",0.274822695035461,0.274822695035461,≤1.0
RESTROOM.ACCESS_TO_STAIRCASE,139.93845110069256,139.92774480943223,0.010706291260333956,0.25,0.04282516504133582,2,False,"['EXISTS', 'NOT_EXISTS']",0.274822695035461,0.274822695035461,EXISTS
FIRE.SPREAD.HORIZONTAL.EXTERNAL,139.93845110069256,139.92791149664947,0.010539604043088957,0.25,0.04215841617235583,2,True,"[(None, 1.0), (1.0, None)]",0.274822695035461,0.274822695035461,≤1.0
REFORM.AFFECTS_FIRE_PROTECTION_COMPONENT_AREAS,139.93845110069256,139.92801253459578,0.010438566096780733,0.25,0.04175426438712293,2,True,"[(None, 1.0), (1.0, None)]",0.274822695035461,0.274822695035461,≤1.0
BEAM.LATERAL_BRACING.FAILURE_POSSIBLE,139.93845110069256,139.9280790350362,0.01037206565635529,0.25,0.04148826262542116,2,True,"[(None, 1.0), (1.0, None)]",0.274822695035461,0.274822695035461,≤1.0
SLAB.LOWER_LINING.EXISTS,139.93845110069256,139.9281163083931,0.010334792299460105,0.25,0.04133916919784042,2,True,"[(None, 1.0), (1.0, None)]",0.274822695035461,0.274822695035461,≤1.0
ELEMENT.SECTION.CLASS,139.93845110069256,139.92812339914653,0.01032770154603213,0.25,0.04131080618412852,2,True,"[(None, 4.0), (4.0, None)]",0.274822695035461,0.274822695035461,≤4.0
SPACE.NOT_CONNECTED_TO_OPEN_SPACES,139.93845110069256,139.92814583673487,0.010305263957690158,0.25,0.04122105583076063,2,True,"[(None, 1.0), (1.0, None)]",0.274822695035461,0.274822695035461,≤1.0
METHOD.FIRE_RESISTANCE.ISOTHERM_500.APPLICABLE,139.93845110069256,139.92817764666177,0.010273454030794937,0.25,0.04109381612317975,2,True,"[(None, 1.0), (1.0, None)]",0.274822695035461,0.274822695035461,≤1.0
FIRE_SECTOR.COVERS_MORE_THAN_ONE_FLOOR,139.93845110069256,139.92819520299759,0.010255897694975147,0.25,0.04102359077990059,2,True,"[(None, 0.0), (0.0, None)]",0.274822695035461,0.274822695035461,≤0.0
DOOR.CAN_CAUSE_EVACUATION_ERROR,139.93845110069256,139.92825074335263,0.010200357339925858,0.25,0.040801429359703434,2,True,"[(None, 1.0), (1.0, None)]",0.274822695035461,0.274822695035461,≤1.0
STAIRS.COMMUNICATE_DIFFERENT_FIRE_SECTORS,139.93845110069256,139.92831409095962,0.010137009732943625,0.25,0.0405480389317745,2,True,"[(None, 1.0), (1.0, None)]",0.274822695035461,0.274822695035461,≤1.0
PRE_EXISTING.SAFETY.CONDITIONS.LESS_STRICT_THAN_DB_SI,139.93845110069256,139.92831437943835,0.010136721254212944,0.25,0.040546885016851775,2,True,"[(None, 1.0), (1.0, None)]",0.274822695035461,0.274822695035461,≤1.0
ROUTE.LEADS_TO.ACCESSIBLE_BUILDING_EXIT,139.93845110069256,139.92831945608611,0.010131644606445889,0.25,0.040526578425783555,2,True,"[(None, 1.0), (1.0, None)]",0.274822695035461,0.274822695035461,≤1.0
BUILDING.HAS_FIRE_PROTECTION_INSTALLATIONS,139.93845110069256,139.92832774094757,0.010123359744994787,0.25,0.040493438979979146,2,True,"[(None, 1.0), (1.0, None)]",0.274822695035461,0.274822695035461,≤1.0
BUILDING.IS_DETACHED,139.93845110069256,139.92839914209935,0.010051958593209065,0.25,0.04020783437283626,2,True,"[(None, 1.0), (1.0, None)]",0.274822695035461,0.274822695035461,≤1.0
MATERIAL.BOARD,139.93845110069256,139.92840006067348,0.010051040019078528,0.25,0.04020416007631411,2,False,"['EXISTS', 'NOT_EXISTS']",0.274822695035461,0.274822695035461,EXISTS
BUILDING.IS_ENTIRELY_PROTECTED_WITH_AUTOMATIC_EXTINGUISHING_SYSTEM,139.93845110069256,139.9284004196183,0.010050681074261547,0.25,0.04020272429704619,2,True,"[(None, 1.0), (1.0, None)]",0.274822695035461,0.274822695035461,≤1.0
SYSTEM.TYPE,139.93845110069256,139.928479664701,0.009971435991559474,0.25,0.039885743966237897,2,False,"['COMPLEX', 'UNCONVENTIONAL']",0.274822695035461,0.274822695035461,COMPLEX
WALL.SEPARATES_PARKING_FROM_OTHER_USE_AREA,139.93845110069256,139.92851371945594,0.009937381236625242,0.25,0.03974952494650097,2,True,"[(None, 1.0), (1.0, None)]",0.274822695035461,0.274822695035461,≤1.0
ELEVATORS.COMMUNICATE_DIFFERENT_FIRE_SECTORS,139.93845110069256,139.92853725455666,0.00991384613590185,0.25,0.0396553845436074,2,True,"[(None, 1.0), (1.0, None)]",0.274822695035461,0.274822695035461,≤1.0
ROUTE.LEADS_TO.REFUGE_AREA,139.93845110069256,139.92860877907802,0.009842321614542016,0.25,0.03936928645816806,2,True,"[(None, 1.0), (1.0, None)]",0.274822695035461,0.274822695035461,≤1.0
POWER_SUPPLY.FAILURE,139.93845110069256,139.92861914405086,0.009831956641704664,0.25,0.03932782656681866,2,True,"[(None, 1.0), (1.0, None)]",0.274822695035461,0.274822695035461,≤1.0
STAIRS.COMMUNICATE_SPECIAL_RISK_AREAS,139.93845110069256,139.928651437344,0.009799663348559307,0.25,0.039198653394237226,2,True,"[(None, 1.0), (1.0, None)]",0.274822695035461,0.274822695035461,≤1.0
ESTABLISHMENT.HAS_SPECTACLES,139.93845110069256,139.92867702780796,0.009774072884596308,0.25,0.03909629153838523,2,True,"[(None, 1.0), (1.0, None)]",0.274822695035461,0.274822695035461,≤1.0
STEEL.SUPPORT.EXPOSED_TO_FIRE,139.93845110069256,139.9287388798324,0.009712220860166099,0.25,0.038848883440664395,2,True,"[(None, 1.0), (1.0, None)]",0.274822695035461,0.274822695035461,≤1.0
FLOOR.HAS_SPECIAL_UNITS,139.93845110069256,139.9287968290628,0.009654271629756295,0.25,0.03861708651902518,2,True,"[(None, 1.0), (1.0, None)]",0.274822695035461,0.274822695035461,≤1.0
DOOR.IS_NOT_EXIT,139.93845110069256,139.92881361223556,0.009637488457002519,0.25,0.038549953828010075,2,True,"[(None, 1.0), (1.0, None)]",0.274822695035461,0.274822695035461,≤1.0
STAGE_BOX.HAS_GALLERIES,139.93845110069256,139.92881732861215,0.009633772080405834,0.25,0.038535088321623334,2,True,"[(None, 1.0), (1.0, None)]",0.274822695035461,0.274822695035461,≤1.0
BUILDING.RISK.FIRE.HIGH_VICTIMS_POSSIBLE,139.93845110069256,139.9288472082556,0.009603892436956585,0.25,0.03841556974782634,2,True,"[(None, 1.0), (1.0, None)]",0.274822695035461,0.274822695035461,≤1.0
ELEMENTS.SEPARATE_DIFFERENT_ESTABLISHMENTS,139.93845110069256,139.92884958723818,0.009601513454384758,0.25,0.03840605381753903,2,True,"[(None, 1.0), (1.0, None)]",0.274822695035461,0.274822695035461,≤1.0
AREA.IS_SUBSIDIARY,139.93845110069256,139.9288738568886,0.0095772438039603,0.25,0.0383089752158412,2,True,"[(None, 1.0), (1.0, None)]",0.274822695035461,0.274822695035461,≤1.0
MANHOLE_COVER.DIMENSION.WIDTH,139.93845110069256,139.92888106130528,0.009570039387284623,0.25,0.038280157549138494,2,True,"[(None, 0.15), (0.15, None)]",0.274822695035461,0.274822695035461,≤0.15
EVACUATION.HEIGHT.DESCENDING.REQUIRES_MULTIPLE_EXITS,139.93845110069256,139.92894475786966,0.009506342822902525,0.25,0.0380253712916101,2,True,"[(None, 1.0), (1.0, None)]",0.274822695035461,0.274822695035461,≤1.0
ENCLOSURE.EXIT.SINGLE,139.93845110069256,139.92895216229374,0.009498938398820655,0.25,0.03799575359528262,2,False,"['EXISTS', 'NOT_EXISTS']",0.274822695035461,0.274822695035461,EXISTS
FLOOR.EXIT.LOCATION.USAGE,139.93845110069256,139.92899815561867,0.009452945073888941,0.25,0.037811780295555764,2,False,"['HOSPITALIZATION', 'INTENSIVE_TREATMENT']",0.274822695035461,0.274822695035461,HOSPITALIZATION
MANEUVER_SPACE.HAS_PUBLIC_SERVICE_PIPELINE_COVERS,139.93845110069256,139.92903282419502,0.009418276497541456,0.25,0.03767310599016582,2,True,"[(None, 1.0), (1.0, None)]",0.274822695035461,0.274822695035461,≤1.0
FLOORS.UNDERGROUND,139.93845110069256,139.92904049346805,0.009410607224509704,0.25,0.037642428898038816,2,True,"[(None, 3.0), (3.0, None)]",0.274822695035461,0.274822695035461,≤3.0
FLOOR.HAS_HOSPITALIZATION_AREA,139.93845110069256,139.92905495276727,0.009396147925286868,0.25,0.037584591701147474,2,True,"[(None, 1.0), (1.0, None)]",0.274822695035461,0.274822695035461,≤1.0
BUILDING.REQUIRES_EMERGENCY_PLAN,139.93845110069256,139.92907157909784,0.009379521594723883,0.25,0.03751808637889553,2,True,"[(None, 1.0), (1.0, None)]",0.274822695035461,0.274822695035461,≤1.0
BUILDING.USAGE.MAINTAINED,139.93845110069256,139.92910449986778,0.009346600824784446,0.25,0.03738640329913778,2,True,"[(None, 1.0), (1.0, None)]",0.274822695035461,0.274822695035461,≤1.0
ELEVATORS.COMMUNICATE_SPECIAL_RISK_AREAS,139.93845110069256,139.92911111659328,0.009339984099284493,0.25,0.03735993639713797,2,True,"[(None, 1.0), (1.0, None)]",0.274822695035461,0.274822695035461,≤1.0
EVACUATION.ROUTE.HAS_MISLEADING_ALTERNATIVES,139.93845110069256,139.92915525988025,0.009295840812313827,0.25,0.03718336324925531,2,True,"[(None, 1.0), (1.0, None)]",0.274822695035461,0.274822695035461,≤1.0
MANHOLE_COVER.PUBLIC_SERVICES.EXISTS,139.93845110069256,139.92916125283156,0.00928984786099818,0.25,0.03715939144399272,2,True,"[(None, 1.0), (1.0, None)]",0.274822695035461,0.274822695035461,≤1.0
BUILDING.OCCUPANTS.MAJORITY_REQUIRES_EVACUATION_ASSISTANCE,139.93845110069256,139.9291813050445,0.009269795648066292,0.25,0.03707918259226517,2,True,"[(None, 1.0), (1.0, None)]",0.274822695035461,0.274822695035461,≤1.0
FLOOR.EXIT.ACCESSIBLE.ALTERNATIVE_FIRE_SECTOR,139.93845110069256,139.9291817138179,0.009269386874649399,0.25,0.037077547498597596,2,False,"['EXISTS', 'NOT_EXISTS']",0.274822695035461,0.274822695035461,EXISTS
REFORM.ALTERS.OCCUPANCY,139.93845110069256,139.9292150169967,0.009236083695867592,0.25,0.03694433478347037,2,True,"[(None, 1.0), (1.0, None)]",0.274822695035461,0.274822695035461,≤1.0
FIRE_RESISTANCE.TESTING_AND_CLASSIFICATION_STANDARDS.NOT_AVAILABLE,139.93845110069256,139.9292255331523,0.009225567540255497,0.25,0.03690227016102199,2,True,"[(None, 1.0), (1.0, None)]",0.274822695035461,0.274822695035461,≤1.0
ZONE.OCCUPANTS.HAS_PSYCHOLOGICAL_LIMITATIONS,139.93845110069256,139.929318964533,0.009132136159564652,0.25,0.03652854463825861,2,True,"[(None, 1.0), (1.0, None)]",0.274822695035461,0.274822695035461,≤1.0
SPACE.OCCUPIABLE,139.93845110069256,139.92932080522485,0.009130295467713267,0.25,0.03652118187085307,2,False,"['EXISTS', 'NOT_EXISTS']",0.274822695035461,0.274822695035461,EXISTS
STAIRCASE.FACADE,139.93845110069256,139.929321499224,0.009129601468572446,0.25,0.03651840587428978,2,False,"['EXISTS', 'NOT_EXISTS']",0.274822695035461,0.274822695035461,EXISTS
SPACE.NOT_CONNECTED_TO_ROAD_NETWORK,139.93845110069256,139.92935941478072,0.009091685911840841,0.25,0.036366743647363364,2,True,"[(None, 1.0), (1.0, None)]",0.274822695035461,0.274822695035461,≤1.0
STAIRCASE.WIDTH.CONSTANT_ON_ALL_FLOORS,139.93845110069256,139.92937060417012,0.009080496522443582,0.25,0.03632198608977433,2,True,"[(None, 1.0), (1.0, None)]",0.274822695035461,0.274822695035461,≤1.0
CONSTRUCTION.PRODUCT.HAS_CE_MARKING,139.93845110069256,139.92937260443406,0.009078496258496216,0.25,0.036313985033984864,2,True,"[(None, 0.0), (0.0, None)]",0.274822695035461,0.274822695035461,≤0.0
FIRE_COMPARTMENTATION.ELEMENTS,139.93845110069256,139.9293922738503,0.009058826842249346,0.25,0.03623530736899738,2,False,"['EXISTS', 'NOT_EXISTS']",0.274822695035461,0.274822695035461,EXISTS
ROOF.FAILURE.NO_COMPROMISE_STABILITY_LOWER_FLOORS,139.93845110069256,139.9294098767882,0.009041223904347362,0.25,0.03616489561738945,2,True,"[(None, 1.0), (1.0, None)]",0.274822695035461,0.274822695035461,≤1.0
FLOOR.USAGE,139.93845110069256,139.92941223484482,0.009038865847742272,0.25,0.03615546339096909,2,False,"['HOSPITAL.HOSPITALIZATION', 'HOSPITAL.INTENSIVE_CARE']",0.274822695035461,0.274822695035461,HOSPITAL.HOSPITALIZATION
DB.APPLICATION.IS_INCOMPATIBLE_WITH_PROTECTION_LEVEL,139.93845110069256,139.92946067569287,0.008990424999694824,0.25,0.035961699998779295,2,True,"[(None, 1.0), (1.0, None)]",0.274822695035461,0.274822695035461,≤1.0
REFORM.ALTERS.EVACUATION_ELEMENTS_DISTRIBUTION,139.93845110069256,139.92955497971258,0.00889612097998338,0.25,0.03558448391993352,2,True,"[(None, 1.0), (1.0, None)]",0.274822695035461,0.274822695035461,≤1.0
STAGE_BOX.HAS_WALKWAYS,139.93845110069256,139.92955663568446,0.00889446500809754,0.25,0.03557786003239016,2,True,"[(None, 1.0), (1.0, None)]",0.274822695035461,0.274822695035461,≤1.0
FLOOR.EXIT.SINGLE,139.93845110069256,139.92958040214518,0.008870698547383427,0.25,0.035482794189533706,2,False,"['EXISTS', 'NOT_EXISTS']",0.274822695035461,0.274822695035461,EXISTS
BUILDING.HAS_COMMERCIAL_USE_AREAS,139.93845110069256,139.9295956014966,0.008855499195959737,0.25,0.03542199678383895,2,True,"[(None, 1.0), (1.0, None)]",0.274822695035461,0.274822695035461,≤1.0
REFORM.ALTERS_EVACUATION_DISTRIBUTION,139.93845110069256,139.9296184532004,0.008832647492170054,0.25,0.035330589968680215,2,True,"[(None, 1.0), (1.0, None)]",0.274822695035461,0.274822695035461,≤1.0
ROUTE.ACCESSIBLE,139.93845110069256,139.92962361116076,0.008827489531796573,0.25,0.03530995812718629,2,True,"[(None, 1.0), (1.0, None)]",0.274822695035461,0.274822695035461,≤1.0
ELEMENT.COATING.PRODUCT.HAS_CE_MARK,139.93845110069256,139.92963806151027,0.00881303918228582,0.25,0.03525215672914328,2,True,"[(None, 1.0), (1.0, None)]",0.274822695035461,0.274822695035461,≤1.0
FACADE.HAS_OPENINGS_FOR_FIRE_ACCESS,139.93845110069256,139.92964386978676,0.008807230905802044,0.25,0.035228923623208175,2,True,"[(None, 1.0), (1.0, None)]",0.274822695035461,0.274822695035461,≤1.0
OCCUPANCY.INCREASE_SIGNIFICANT,139.93845110069256,139.92964642224393,0.008804678448626646,0.25,0.035218713794506584,2,True,"[(None, 1.0), (1.0, None)]",0.274822695035461,0.274822695035461,≤1.0
DOOR.FIRE_RESISTANT,139.93845110069256,139.9296478765513,0.008803224141274768,0.25,0.03521289656509907,2,True,"[(None, 1.0), (1.0, None)]",0.274822695035461,0.274822695035461,≤1.0
TIMBER.TYPE,139.93845110069256,139.92965007433054,0.008801026362021958,0.25,0.03520410544808783,2,False,"['BEECH', 'CONIFEROUS']",0.274822695035461,0.274822695035461,BEECH
BUILDING.IS_FULLY_PROTECTED_WITH_AUTOMATIC_EXTINGUISHING_SYSTEM,139.93845110069256,139.9296595337106,0.008791566981955157,0.25,0.03516626792782063,2,True,"[(None, 1.0), (1.0, None)]",0.274822695035461,0.274822695035461,≤1.0
EVACUATION.ROUTE.CROSSES_PARKING_ZONE,139.93845110069256,139.92966095534325,0.008790145349308887,0.25,0.035160581397235546,2,True,"[(None, 1.0), (1.0, None)]",0.274822695035461,0.274822695035461,≤1.0
SECTION.SHAPE,139.93845110069256,139.929678593155,0.008772507537571528,0.25,0.03509003015028611,2,False,"['CIRCULAR', 'RECTANGULAR']",0.274822695035461,0.274822695035461,CIRCULAR
PREMISES.RISK_LEVEL,139.93845110069256,139.9296808404472,0.00877026024537031,0.25,0.03508104098148124,2,False,"['HIGH', 'MEDIUM']",0.274822695035461,0.274822695035461,HIGH
SLAB.INFILL.ELEMENTS,139.93845110069256,139.92968846915326,0.008762631539298127,0.25,0.03505052615719251,2,False,"['CERAMIC', 'CONCRETE']",0.274822695035461,0.274822695035461,CERAMIC
SLAB.HAS_LOWER_LINING,139.93845110069256,139.92969760200947,0.00875349868309172,0.25,0.03501399473236688,2,True,"[(None, 1.0), (1.0, None)]",0.274822695035461,0.274822695035461,≤1.0
BUILDING.RISK.FIRE.OUT_OF_SERVICE_NOT_ADMISSIBLE,139.93845110069256,139.92970441453429,0.008746686158275452,0.25,0.03498674463310181,2,True,"[(None, 1.0), (1.0, None)]",0.274822695035461,0.274822695035461,≤1.0
SLAB.INFILL.MATERIAL,139.93845110069256,139.9297278567513,0.008723243941261671,0.25,0.034892975765046685,2,False,"['CERAMIC', 'CONCRETE']",0.274822695035461,0.274822695035461,CERAMIC
PANEL.MATERIAL,139.93845110069256,139.92974244335272,0.008708657339838055,0.25,0.03483462935935222,2,False,"['WOOD', 'WOOD_DERIVATIVE']",0.274822695035461,0.274822695035461,WOOD
STAIR.COMPARTMENTED,139.93845110069256,139.9297529138237,0.008698186868855373,0.25,0.03479274747542149,2,True,"[(None, 0.0), (0.0, None)]",0.274822695035461,0.274822695035461,≤0.0
AREA.PROTECTED_BY_AUTOMATIC_EXTINGUISHING_INSTALLATION,139.93845110069256,139.92977109909728,0.008680001595280373,0.25,0.03472000638112149,2,True,"[(None, 1.0), (1.0, None)]",0.274822695035461,0.274822695035461,≤1.0
FLOOR.REFUGE_AREA,139.93845110069256,139.92977684279748,0.008674257895080473,0.25,0.03469703158032189,2,False,"['EXISTS', 'NOT_EXISTS']",0.274822695035461,0.274822695035461,EXISTS
ELEMENT.EXPOSURE.FACES,139.93845110069256,139.92982880943185,0.008622291260707016,0.25,0.03448916504282806,2,True,"[(None, 3.0), (3.0, None)]",0.274822695035461,0.274822695035461,≤3.0
ACCESS_ROAD.DEAD_END,139.93845110069256,139.92986194881846,0.008589151874105028,0.25,0.03435660749642011,2,True,"[(None, 1.0), (1.0, None)]",0.274822695035461,0.274822695035461,≤1.0
CONNECTION.PROTECTION.TYPE,139.93845110069256,139.92988351644618,0.008567584246378601,0.25,0.034270336985514405,2,False,"['TIMBER_BOARDS', 'TIMBER_DERIVED_BOARDS']",0.274822695035461,0.274822695035461,TIMBER_BOARDS
ESTABLISHMENT.INTEGRATED_IN_SHOPPING_CENTER,139.93845110069256,139.92988941389456,0.00856168679800362,0.25,0.03424674719201448,2,True,"[(None, 1.0), (1.0, None)]",0.274822695035461,0.274822695035461,≤1.0
ELEMENT.IS_COATED,139.93845110069256,139.9299005003911,0.008550600301447275,0.25,0.0342024012057891,2,True,"[(None, 1.0), (1.0, None)]",0.274822695035461,0.274822695035461,≤1.0
BUILDING.EQUIPPED_WITH.DRY_RISER,139.93845110069256,139.929912225704,0.008538874988573752,0.25,0.03415549995429501,2,True,"[(None, 1.0), (1.0, None)]",0.274822695035461,0.274822695035461,≤1.0
STAIRCASE.OPENING.COMMUNICATES_WITH_PATIO,139.93845110069256,139.929948577665,0.008502523027573261,0.25,0.034010092110293044,2,True,"[(None, 1.0), (1.0, None)]",0.274822695035461,0.274822695035461,≤1.0
BRACING.EFFECT.TAKEN_INTO_ACCOUNT,139.93845110069256,139.92996593619293,0.008485164499631992,0.25,0.03394065799852797,2,True,"[(None, 1.0), (1.0, None)]",0.274822695035461,0.274822695035461,≤1.0
BUILDING.RISK.HIGH_VICTIMS,139.93845110069256,139.9299696609741,0.008481439718451611,0.25,0.033925758873806444,2,True,"[(None, 1.0), (1.0, None)]",0.274822695035461,0.274822695035461,≤1.0
COATING.JOINT.GAP.UNFILLED,139.93845110069256,139.92997728003138,0.008473820661180298,0.25,0.03389528264472119,2,True,"[(None, 2.0), (2.0, None)]",0.274822695035461,0.274822695035461,≤2.0
INSTALLATION.ELEMENTS,139.93845110069256,139.9299985674131,0.008452533279466934,0.25,0.033810133117867736,2,False,"['EXISTS', 'NOT_EXISTS']",0.274822695035461,0.274822695035461,EXISTS
REFUGE.AREA,139.93845110069256,139.9299996355095,0.008451465183071605,0.25,0.03380586073228642,2,False,"['EXISTS', 'NOT_EXISTS']",0.274822695035461,0.274822695035461,EXISTS
EVACUATION.ROUTE.ORIGIN,139.93845110069256,139.93002270952147,0.008428391171094063,0.25,0.03371356468437625,2,False,"['HABITABLE.ZONE', 'PARKING.ZONE']",0.274822695035461,0.274822695035461,HABITABLE.ZONE
AREA.MUST_BE_DIFFERENT_FIRE_SECTOR_PER_TABLE_1_1,139.93845110069256,139.93003658452696,0.008414516165601071,0.25,0.033658064662404286,2,True,"[(None, 1.0), (1.0, None)]",0.274822695035461,0.274822695035461,≤1.0
FLOOR.SEPARATES_FIRE_SECTORS,139.93845110069256,139.93004244045366,0.008408660238899301,0.25,0.033634640955597206,2,True,"[(None, 1.0), (1.0, None)]",0.274822695035461,0.274822695035461,≤1.0
ROUTE.LEADS_TO.ALTERNATIVE_FIRE_SECTOR_FOR_DISABLED,139.93845110069256,139.93004600370807,0.008405096984489546,0.25,0.033620387937958185,2,True,"[(None, 1.0), (1.0, None)]",0.274822695035461,0.274822695035461,≤1.0
CONSTRUCTION.ELEMENT.HAS_CE_MARKING,139.93845110069256,139.93005656988518,0.008394530807379397,0.25,0.03357812322951759,2,True,"[(None, 0.0), (0.0, None)]",0.274822695035461,0.274822695035461,≤0.0
BUILDING.PROTECTION_LEVEL.IS_PROTECTED,139.93845110069256,139.93007381556953,0.008377285123032152,0.25,0.03350914049212861,2,True,"[(None, 1.0), (1.0, None)]",0.274822695035461,0.274822695035461,≤1.0
STRUCTURE.IS_BRACED,139.93845110069256,139.9300747030843,0.008376397608259367,0.25,0.03350559043303747,2,True,"[(None, 1.0), (1.0, None)]",0.274822695035461,0.274822695035461,≤1.0
ROAD.APPROACH.SECTION.IS_CURVED,139.93845110069256,139.93007700081233,0.008374099880228414,0.25,0.033496399520913656,2,True,"[(None, 1.0), (1.0, None)]",0.274822695035461,0.274822695035461,≤1.0
INSPECTION_COVER,139.93845110069256,139.93011083235987,0.008340268332688083,0.25,0.03336107333075233,2,False,"['EXISTS', 'NOT_EXISTS']",0.274822695035461,0.274822695035461,EXISTS
BUILDING.RISK.OUT_OF_SERVICE,139.93845110069256,139.93012186148854,0.008329239204016403,0.25,0.03331695681606561,2,True,"[(None, 1.0), (1.0, None)]",0.274822695035461,0.274822695035461,≤1.0
FIRE.SPREAD.VERTICAL.EXTERNAL,139.93845110069256,139.9301439042557,0.008307196436874165,0.25,0.03322878574749666,2,True,"[(None, 1.0), (1.0, None)]",0.274822695035461,0.274822695035461,≤1.0
MATERIAL.INSULATING,139.93845110069256,139.93014589743984,0.008305203252717774,0.25,0.0332208130108711,2,False,"['EXISTS', 'NOT_EXISTS']",0.274822695035461,0.274822695035461,EXISTS
BEAM.EXPOSED_ON_ALL_SIDES,139.93845110069256,139.93014768336172,0.008303417330836282,0.25,0.03321366932334513,2,True,"[(None, 1.0), (1.0, None)]",0.274822695035461,0.274822695035461,≤1.0
STEEL.SUPPORT.CLAD.WITH_MASONRY,139.93845110069256,139.93015103746347,0.008300063229086163,0.25,0.03320025291634465,2,True,"[(None, 1.0), (1.0, None)]",0.274822695035461,0.274822695035461,≤1.0
ROOF.NOT_FOR_ACTIVITY,139.93845110069256,139.9301624477144,0.008288652978166056,0.25,0.03315461191266422,2,True,"[(None, 1.0), (1.0, None)]",0.274822695035461,0.274822695035461,≤1.0
STAIRCASE.CONNECTS_DIFFERENT_FIRE_SECTORS,139.93845110069256,139.9301734134679,0.008277687224648389,0.25,0.033110748898593556,2,True,"[(None, 1.0), (1.0, None)]",0.274822695035461,0.274822695035461,≤1.0
CONCRETE.ELEMENT.TYPE,139.93845110069256,139.9301998449576,0.00825125573496166,0.25,0.03300502293984664,2,False,"['PRESTRESSED', 'REINFORCED']",0.274822695035461,0.274822695035461,PRESTRESSED
BUILDING.EXIT.EXISTS,139.93845110069256,139.930210057205,0.008241043487572597,0.25,0.03296417395029039,2,True,"[(None, 1.0), (1.0, None)]",0.274822695035461,0.274822695035461,≤1.0
FACADE.LOWER_START.ACCESSIBLE_FROM,139.93845110069256,139.9302248735567,0.008226227135850195,0.25,0.03290490854340078,2,False,"['EXTERIOR_GROUND_LEVEL', 'ROOF']",0.274822695035461,0.274822695035461,EXTERIOR_GROUND_LEVEL
FLOOR.IS_BUILDING_EXIT_FLOOR,139.93845110069256,139.93022663956265,0.008224461129913152,0.25,0.03289784451965261,2,True,"[(None, 1.0), (1.0, None)]",0.274822695035461,0.274822695035461,≤1.0
SYSTEM.HAS_TECHNICAL_SUITABILITY_CERTIFICATION,139.93845110069256,139.9302341860952,0.008216914597369396,0.25,0.03286765838947758,2,True,"[(None, 1.0), (1.0, None)]",0.274822695035461,0.274822695035461,≤1.0
STRUCTURAL.ELEMENT.IS_COMMON_STRUCTURE,139.93845110069256,139.93024005732445,0.00821104336810663,0.25,0.03284417347242652,2,True,"[(None, 1.0), (1.0, None)]",0.274822695035461,0.274822695035461,≤1.0
BUILDING.FIRE_DEPARTMENT.MANEUVER_SPACE.EXISTS,139.93845110069256,139.93024142018447,0.008209680508088013,0.25,0.03283872203235205,2,True,"[(None, 1.0), (1.0, None)]",0.274822695035461,0.274822695035461,≤1.0
REGULATORY_PROVISION.IS_CITED,139.93845110069256,139.93028473572284,0.008166364969724782,0.25,0.03266545987889913,2,True,"[(None, 1.0), (1.0, None)]",0.274822695035461,0.274822695035461,≤1.0
ESTABLISHMENT.REQUIRES_FIRE_SECTOR,139.93845110069256,139.9303751423682,0.008075958324354815,0.25,0.03230383329741926,2,True,"[(None, 0.0), (0.0, None)]",0.274822695035461,0.274822695035461,≤0.0
REFORM.AFFECTS_AREAS_WITH_FIRE_PROTECTION_COMPONENTS,139.93845110069256,139.93038625403352,0.008064846659038949,0.25,0.032259386636155796,2,True,"[(None, 1.0), (1.0, None)]",0.274822695035461,0.274822695035461,≤1.0
CONTROL.POST.PERMANENT,139.93845110069256,139.93039190291523,0.008059197777328109,0.25,0.032236791109312435,2,False,"['EXISTS', 'NOT_EXISTS']",0.274822695035461,0.274822695035461,EXISTS
STRUCTURE.ELEMENT,139.93845110069256,139.9304169630759,0.008034137616647286,0.25,0.03213655046658914,2,False,"['LOAD_BEARING_WALL', 'SUPPORT']",0.274822695035461,0.274822695035461,LOAD_BEARING_WALL
CONSTRUCTION.PRODUCT.SUPPLY_TO_WORKS,139.93845110069256,139.930460224227,0.00799087646555563,0.25,0.03196350586222252,2,True,"[(None, 1.0), (1.0, None)]",0.274822695035461,0.274822695035461,≤1.0
BEAM.HAS_NOTCHES,139.93845110069256,139.93047118483963,0.007979915852928343,0.25,0.03191966341171337,2,True,"[(None, 1.0), (1.0, None)]",0.274822695035461,0.274822695035461,≤1.0
ESTABLISHMENT.HAS_OTHER_ACTIVITY,139.93845110069256,139.9305010312869,0.007950069405666227,0.25,0.03180027762266491,2,True,"[(None, 1.0), (1.0, None)]",0.274822695035461,0.274822695035461,≤1.0
ROOF.FAILURE.NO_SERIOUS_DAMAGE_TO_NEARBY_BUILDINGS,139.93845110069256,139.93051457048824,0.007936530204318615,0.25,0.03174612081727446,2,True,"[(None, 1.0), (1.0, None)]",0.274822695035461,0.274822695035461,≤1.0
REFORM.AFFECTS.CONSTRUCTIVE_ELEMENTS_SUPPORTING_FIRE_PROTECTION_INSTALLATIONS,139.93845110069256,139.93053402258332,0.007917078109244358,0.25,0.03166831243697743,2,True,"[(None, 1.0), (1.0, None)]",0.274822695035461,0.274822695035461,≤1.0
BONDING.MATERIAL.SECONDARY,139.93845110069256,139.93056954265876,0.007881558033801639,0.25,0.031526232135206556,2,False,"['WOOD', 'WOOD.DERIVED_PRODUCT']",0.274822695035461,0.274822695035461,WOOD
FLOOR_SLAB.INFILL_ELEMENTS.TYPE,139.93845110069256,139.93056993227788,0.007881168414684225,0.25,0.0315246736587369,2,False,"['CERAMIC', 'CONCRETE']",0.274822695035461,0.274822695035461,CERAMIC
REFORM.ALTERS_OCCUPANCY,139.93845110069256,139.93058425046075,0.007866850231806666,0.25,0.03146740092722666,2,True,"[(None, 1.0), (1.0, None)]",0.274822695035461,0.274822695035461,≤1.0
FIRE_RESISTANCE_TESTING_STANDARDS.NOT_AVAILABLE,139.93845110069256,139.93059637244278,0.007854728249782283,0.25,0.031418912999129134,2,True,"[(None, 1.0), (1.0, None)]",0.274822695035461,0.274822695035461,≤1.0
STORAGE_ROOM.IS_LINKED_TO_DWELLING,139.93845110069256,139.9306116790113,0.007839421681268277,0.25,0.03135768672507311,2,True,"[(None, 1.0), (1.0, None)]",0.274822695035461,0.274822695035461,≤1.0
ELEMENT.CONNECTION.EXPOSED_TO_STANDARD_TIME_TEMPERATURE_CURVE,139.93845110069256,139.93062335832906,0.00782774236350292,0.25,0.03131096945401168,2,True,"[(None, 1.0), (1.0, None)]",0.274822695035461,0.274822695035461,≤1.0
STRUCTURAL.ELEMENT.MAIN,139.93845110069256,139.93065622178025,0.007794878912307013,0.25,0.03117951564922805,2,False,"['EXISTS', 'NOT_EXISTS']",0.274822695035461,0.274822695035461,EXISTS
TIMBER.FRAMEWORK,139.93845110069256,139.93070248854443,0.007748612148134271,0.25,0.030994448592537083,2,False,"['EXISTS', 'NOT_EXISTS']",0.274822695035461,0.274822695035461,EXISTS
STAIRCASE.LANDINGS.DIMENSIONS.STRICTLY_NECESSARY_BASED_ON_WIDTH,139.93845110069256,139.93075008104898,0.007701019643576501,0.25,0.030804078574306004,2,True,"[(None, 1.0), (1.0, None)]",0.274822695035461,0.274822695035461,≤1.0
PROJECT.USES_COMPLEX_OR_UNCONVENTIONAL_SYSTEMS,139.93845110069256,139.93075325549867,0.007697845193888497,0.25,0.03079138077555399,2,True,"[(None, 1.0), (1.0, None)]",0.274822695035461,0.274822695035461,≤1.0
FASTENING_ELEMENTS.TYPE,139.93845110069256,139.9307594364605,0.007691664232055473,0.25,0.03076665692822189,2,False,"['TIMBER_BOARDS', 'TIMBER_DERIVED_BOARDS']",0.274822695035461,0.274822695035461,TIMBER_BOARDS
REFORM.AFFECTS_CONSTRUCTIVE_ELEMENTS_SUPPORTING_FIRE_PROTECTION_INSTALLATIONS,139.93845110069256,139.93078094684302,0.007670153849545613,0.25,0.030680615398182454,2,True,"[(None, 1.0), (1.0, None)]",0.274822695035461,0.274822695035461,≤1.0
FACADE.ZONE.IS_SPECIAL_RISK,139.93845110069256,139.93079364771035,0.007657452982215318,0.25,0.030629811928861272,2,True,"[(None, 1.0), (1.0, None)]",0.274822695035461,0.274822695035461,≤1.0
STRUCTURAL.ELEMENT.IS_PART_OF_PROTECTED_STAIRCASE_OR_CORRIDOR,139.93845110069256,139.9308169038908,0.007634196801774351,0.25,0.030536787207097404,2,True,"[(None, 1.0), (1.0, None)]",0.274822695035461,0.274822695035461,≤1.0
PREMISES.CONTAINS_REGULATED_INSTALLATIONS,139.93845110069256,139.93081948453738,0.007631616155180154,0.25,0.030526464620720617,2,True,"[(None, 1.0), (1.0, None)]",0.274822695035461,0.274822695035461,≤1.0
ROOF.FAILURE.NO_COMPROMISE_FIRE_COMPARTMENTATION,139.93845110069256,139.93083273282718,0.007618367865376285,0.25,0.03047347146150514,2,True,"[(None, 1.0), (1.0, None)]",0.274822695035461,0.274822695035461,≤1.0
PROJECT.USES_COMPLEX_UNCONVENTIONAL_SYSTEMS,139.93845110069256,139.9308471043075,0.007603996385057599,0.25,0.030415985540230395,2,True,"[(None, 1.0), (1.0, None)]",0.274822695035461,0.274822695035461,≤1.0
KITCHEN.SMOKE_EXTRACTION_SYSTEM.IS_SPECIAL_RISK,139.93845110069256,139.93086227669392,0.007588823998645466,0.25,0.030355295994581866,2,True,"[(None, 1.0), (1.0, None)]",0.274822695035461,0.274822695035461,≤1.0
FLOOR_SLAB.LOWER_LINING,139.93845110069256,139.9308627378748,0.007588362817756433,0.25,0.030353451271025733,2,True,"[(None, 1.0), (1.0, None)]",0.274822695035461,0.274822695035461,≤1.0
EMERGENCY.SIGNAL,139.93845110069256,139.93087627793932,0.007574822753241506,0.25,0.030299291012966023,2,True,"[(None, 1.0), (1.0, None)]",0.274822695035461,0.274822695035461,≤1.0
CONSTRUCTION.ELEMENT.HAS_SINGLE_LAYER_EACH_SIDE,139.93845110069256,139.93088645549108,0.0075646452014836996,0.25,0.030258580805934798,2,True,"[(None, 1.0), (1.0, None)]",0.274822695035461,0.274822695035461,≤1.0
FLOOR.CONTAINS_FIRE_SECTOR,139.93845110069256,139.93088688457067,0.0075642161218922865,0.25,0.030256864487569146,2,True,"[(None, 1.0), (1.0, None)]",0.274822695035461,0.274822695035461,≤1.0
DOOR.IS_PASSAGE_BETWEEN_FIRE_SECTORS,139.93845110069256,139.93088865314633,0.007562447546234807,0.25,0.03024979018493923,2,True,"[(None, 1.0), (1.0, None)]",0.274822695035461,0.274822695035461,≤1.0
ROOF.HEIGHT_ABOVE_GROUND,139.93845110069256,139.93093442321214,0.007516677480424505,0.25,0.03006670992169802,2,True,"[(None, 28.0), (28.0, None)]",0.274822695035461,0.274822695035461,≤28.0
REFORM.AFFECTS_FIRE_PROTECTION_SUPPORT_ELEMENTS,139.93845110069256,139.93095740662005,0.007493694072508106,0.25,0.029974776290032423,2,True,"[(None, 1.0), (1.0, None)]",0.274822695035461,0.274822695035461,≤1.0
CONTROL.POST.PERMANENT.OPERATING_HOURS,139.93845110069256,139.93096050891654,0.007490591776019073,0.25,0.029962367104076293,2,True,"[(None, 1.0), (1.0, None)]",0.274822695035461,0.274822695035461,≤1.0
CONNECTION.FASTENING_ELEMENTS.PROTECTION.TYPE,139.93845110069256,139.93104644320596,0.007404657486603128,0.25,0.02961862994641251,2,False,"['GLUED_PATCHES', 'GLUED_PLUGS']",0.274822695035461,0.274822695035461,GLUED_PATCHES
EVACUATION.ROUTE.HAS_RAMP_OR_MOVING_WALKWAY,139.93845110069256,139.93105602858174,0.007395072110824685,0.25,0.02958028844329874,2,True,"[(None, 1.0), (1.0, None)]",0.274822695035461,0.274822695035461,≤1.0
STEEL_PLATE.PROTRUSION_FROM_WOOD_SURFACE,139.93845110069256,139.93105802428892,0.007393076403644727,0.25,0.02957230561457891,2,True,"[(None, 0.0), (0.0, None)]",0.274822695035461,0.274822695035461,≤0.0
BUILDING.HAS_STAGE_BOX,139.93845110069256,139.93106297159235,0.007388129100206697,0.25,0.02955251640082679,2,True,"[(None, 1.0), (1.0, None)]",0.274822695035461,0.274822695035461,≤1.0
METHOD.ISOTHERM_500.APPLICABLE,139.93845110069256,139.93108781306427,0.007363287628294302,0.25,0.029453150513177206,2,True,"[(None, 1.0), (1.0, None)]",0.274822695035461,0.274822695035461,≤1.0
ROOF.NOT_FOR_EVACUATION,139.93845110069256,139.93111281457348,0.007338286119079385,0.25,0.02935314447631754,2,True,"[(None, 1.0), (1.0, None)]",0.274822695035461,0.274822695035461,≤1.0
LOCATION.IS_HIGH_RISK_ZONE,139.93845110069256,139.9311301219999,0.007320978692661129,0.25,0.029283914770644515,2,True,"[(None, 1.0), (1.0, None)]",0.274822695035461,0.274822695035461,≤1.0
ESTABLISHMENT.HAS_SHOWS,139.93845110069256,139.93114059102464,0.007310509667917131,0.25,0.029242038671668524,2,True,"[(None, 1.0), (1.0, None)]",0.274822695035461,0.274822695035461,≤1.0
WALL.HAS_PANELS,139.93845110069256,139.9311985548338,0.007252545858762005,0.25,0.02901018343504802,2,True,"[(None, 1.0), (1.0, None)]",0.274822695035461,0.274822695035461,≤1.0
LOCATION.IS_HIGH_SPECIAL_RISK_ZONE,139.93845110069256,139.93122726477446,0.007223835918097166,0.25,0.028895343672388663,2,True,"[(None, 1.0), (1.0, None)]",0.274822695035461,0.274822695035461,≤1.0
WOOD.ELEMENT.CHARRING.INITIATION_CAUSE,139.93845110069256,139.93127192139454,0.007179179298020699,0.25,0.028716717192082797,2,False,"['BEFORE.PROTECTION.FAILURE', 'PROTECTION.FAILURE']",0.274822695035461,0.274822695035461,BEFORE.PROTECTION.FAILURE
FLOOR_SLAB.FIRE_RESISTANCE,139.93845110069256,139.93128614210784,0.0071649585847239905,0.25,0.028659834338895962,2,True,"[(None, 120.0), (120.0, None)]",0.274822695035461,0.274822695035461,≤120.0
DOOR.HAS_AUTOMATIC_CLOSING_SYSTEM,139.93845110069256,139.93131651127015,0.007134589422406634,0.25,0.028538357689626537,2,True,"[(None, 1.0), (1.0, None)]",0.274822695035461,0.274822695035461,≤1.0
PROTECTION.FIXING.TYPE,139.93845110069256,139.931334929346,0.0071161713465528464,0.25,0.028464685386211386,2,False,"['NAILS', 'SCREWS']",0.274822695035461,0.274822695035461,NAILS
STRUCTURAL.ELEMENT.SUBJECTED_TO,139.93845110069256,139.93138719911406,0.007063901578504783,0.25,0.028255606314019133,2,False,"['BENDING', 'COMPRESSION']",0.274822695035461,0.274822695035461,BENDING
ZONE.USE.SPECIAL_OR_CIRCUMSTANTIAL,139.93845110069256,139.93141950597067,0.0070315947218944075,0.25,0.02812637888757763,2,True,"[(None, 1.0), (1.0, None)]",0.274822695035461,0.274822695035461,≤1.0
REFORM.ALTERS_OCCUPANCY_DISTRIBUTION_RELATED_TO_EVACUATION_ELEMENTS,139.93845110069256,139.93153334052104,0.006917760171518239,0.25,0.027671040686072956,2,True,"[(None, 1.0), (1.0, None)]",0.274822695035461,0.274822695035461,≤1.0
MANHOLE_COVER.DIMENSION.LENGTH,139.93845110069256,139.9315361785346,0.006914922157960746,0.25,0.027659688631842982,2,True,"[(None, 0.15), (0.15, None)]",0.274822695035461,0.274822695035461,≤0.15
SPACE.HIDDEN,139.93845110069256,139.9315502912316,0.006900809460972823,0.25,0.027603237843891293,2,False,"['EXISTS', 'NOT_EXISTS']",0.274822695035461,0.274822695035461,EXISTS
ELEVATOR.ACCESS_TO_STAIRCASE,139.93845110069256,139.93161558637865,0.006835514313905833,0.25,0.02734205725562333,2,False,"['EXISTS', 'NOT_EXISTS']",0.274822695035461,0.274822695035461,EXISTS
ELEMENT.SEPARATES_BUILDING,139.93845110069256,139.93164889961915,0.0068022010734125615,0.25,0.027208804293650246,2,True,"[(None, 1.0), (1.0, None)]",0.274822695035461,0.274822695035461,≤1.0
AREA.IS_SPECIAL_RISK,139.93845110069256,139.9316876138776,0.006763486814946873,0.25,0.027053947259787492,2,True,"[(None, 1.0), (1.0, None)]",0.274822695035461,0.274822695035461,≤1.0
CONSTRUCTIVE_ELEMENT.FIRE_RESISTANCE_TESTING_STANDARDS.NOT_AVAILABLE,139.93845110069256,139.9317366473303,0.006714453362263839,0.25,0.026857813449055357,2,True,"[(None, 1.0), (1.0, None)]",0.274822695035461,0.274822695035461,≤1.0
STAGE_BOX.COMMUNICATION.AUDIENCE_HALL,139.93845110069256,139.9321175407859,0.006333559906664732,0.25,0.025334239626658928,2,True,"[(None, 1.0), (1.0, None)]",0.274822695035461,0.274822695035461,≤1.0
FIRE_COMPARTMENTATION.ELEMENTS.CROSSED_BY.INSTALLATION.ELEMENTS,139.93845110069256,139.9321289619552,0.0063221387373744165,0.25,0.025288554949497666,2,True,"[(None, 1.0), (1.0, None)]",0.274822695035461,0.274822695035461,≤1.0
FIRE.EXPOSURE.TIME.REQUIRED,139.93845110069256,139.9321428881905,0.0063082125020628155,0.25,0.025232850008251262,2,True,"[(None, 1.0), (1.0, None)]",0.274822695035461,0.274822695035461,≤1.0
SUPPORT.BRACING.FAILURE_POSSIBLE_DURING_FIRE_EXPOSURE,139.93845110069256,139.93233930449287,0.006111796199689934,0.25,0.024447184798759736,2,True,"[(None, 1.0), (1.0, None)]",0.274822695035461,0.274822695035461,≤1.0
WOOD.ELEMENT.HAS_FIRE_PROTECTION,139.93845110069256,139.93234519368076,0.006105907011800582,0.25,0.024423628047202328,2,True,"[(None, 1.0), (1.0, None)]",0.274822695035461,0.274822695035461,≤1.0
RISK.LEVEL,139.93845110069256,139.93251995527135,0.005931145421214978,0.25,0.023724581684859913,2,False,"['HIGH', 'MEDIUM']",0.274822695035461,0.274822695035461,HIGH
ROOM.CLASSIFIED_AS_SPECIAL_RISK_AREA_SI1_2,139.93845110069256,139.93268114905675,0.005769951635812731,0.25,0.023079806543250925,2,True,"[(None, 1.0), (1.0, None)]",0.274822695035461,0.274822695035461,≤1.0
ACCESS_ROAD.LENGTH,139.93845110069256,139.93268946836056,0.005761632331996225,0.25,0.0230465293279849,2,True,"[(None, 20.0), (20.0, None)]",0.274822695035461,0.274822695035461,≤20.0
SCREW.LOAD.TYPE,139.93845110069256,139.93845110069256,0.0,0.25,0.0,1,False,['AXIAL'],0.274822695035461,0.274822695035461,AXIAL
MATERIAL.PROTECTION,139.93845110069256,139.93845110069256,0.0,0.25,0.0,1,False,['NONE'],0.274822695035461,0.274822695035461,NONE
AREA.ACCESS,139.93845110069256,139.93845110069256,0.0,0.25,0.0,1,False,['MAINTENANCE_ONLY'],0.274822695035461,0.274822695035461,MAINTENANCE_ONLY
BOARD.LAYER.TYPE,139.93845110069256,139.93845110069256,0.0,0.25,0.0,1,False,['MULTIPLE'],0.274822695035461,0.274822695035461,MULTIPLE
BOARD.FUNCTION,139.93845110069256,139.93845110069256,0.0,0.25,0.0,1,False,['PROTECTION'],0.274822695035461,0.274822695035461,PROTECTION
DECORATIVE.ELEMENT.TYPE,139.93845110069256,139.93845110069256,0.0,0.25,0.0,1,False,['SUSPENDED.TEXTILE'],0.274822695035461,0.274822695035461,SUSPENDED.TEXTILE
STRUCTURAL_ELEMENT.LOAD.TYPE,139.93845110069256,139.93845110069256,0.0,0.25,0.0,1,False,['TENSION'],0.274822695035461,0.274822695035461,TENSION
FIRE_SECTOR.RISK_LEVEL,139.93845110069256,139.93845110069256,0.0,0.25,0.0,1,False,['MINIMUM'],0.274822695035461,0.274822695035461,MINIMUM
SECTOR.RISK,139.93845110069256,139.93845110069256,0.0,0.25,0.0,1,False,['MINIMUM'],0.274822695035461,0.274822695035461,MINIMUM
SECTOR.RISK_LEVEL,139.93845110069256,139.93845110069256,0.0,0.25,0.0,1,False,['MINIMUM'],0.274822695035461,0.274822695035461,MINIMUM
EVACUATION.ORIGIN.EXIT.VISIBILITY,139.93845110069256,139.93845110069256,0.0,0.25,0.0,1,False,['LOW'],0.274822695035461,0.274822695035461,LOW
RISK.PRIMARY_CAUSE,139.93845110069256,139.93845110069256,0.0,0.25,0.0,1,False,['SOLID_COMBUSTIBLE_MATERIALS'],0.274822695035461,0.274822695035461,SOLID_COMBUSTIBLE_MATERIALS
PANEL.LAYER.TYPE,139.93845110069256,139.93845110069256,0.0,0.25,0.0,1,False,['MULTIPLE'],0.274822695035461,0.274822695035461,MULTIPLE
INSULATION.SYSTEM.LOCATION,139.93845110069256,139.93845110069256,0.0,0.25,0.0,1,False,['VENTILATED_CAVITY'],0.274822695035461,0.274822695035461,VENTILATED_CAVITY
BEAM.EXPOSED_FACES,139.93845110069256,139.93845110069256,0.0,0.25,0.0,1,False,['ALL'],0.274822695035461,0.274822695035461,ALL
STRUCTURAL.FIRE_RESISTANCE.CALCULATION.METHOD,139.93845110069256,139.93845110069256,0.0,0.25,0.0,1,False,['THIS_BASIC_DOCUMENT'],0.274822695035461,0.274822695035461,THIS_BASIC_DOCUMENT
DOOR.LEADS_TO,139.93845110069256,139.93845110069256,0.0,0.25,0.0,1,False,['BUILDING_EXIT_FLOOR'],0.274822695035461,0.274822695035461,BUILDING_EXIT_FLOOR
SPACE.TYPE,139.93845110069256,139.93845110069256,0.0,0.25,0.0,1,False,['SAFE_EXTERIOR_SPACE'],0.274822695035461,0.274822695035461,SAFE_EXTERIOR_SPACE
CONCRETE.COVER.TENSIONED_AREA.UNIT,139.93845110069256,139.93845110069256,0.0,0.25,0.0,1,False,['mm'],0.274822695035461,0.274822695035461,mm
CONSTRUCTION.MATERIAL,139.93845110069256,139.93845110069256,0.0,0.25,0.0,1,False,['REINFORCED_CONCRETE'],0.274822695035461,0.274822695035461,REINFORCED_CONCRETE
FACADE.POINTS.FIRE_RESISTANCE,139.93845110069256,139.93845110069256,0.0,0.25,0.0,1,False,['EI 60'],0.274822695035461,0.274822695035461,EI 60
PROJECT.TOPIC,139.93845110069256,139.93845110069256,0.0,0.25,0.0,1,False,['SAFETY.FIRE'],0.274822695035461,0.274822695035461,SAFETY.FIRE
CONCRETE.AGGREGATE.TYPE,139.93845110069256,139.93845110069256,0.0,0.25,0.0,1,False,['CALCAREOUS'],0.274822695035461,0.274822695035461,CALCAREOUS
EVACUATION.DESTINATION,139.93845110069256,139.93845110069256,0.0,0.25,0.0,1,False,['INTERIOR_SPACE'],0.274822695035461,0.274822695035461,INTERIOR_SPACE
ELEVATOR.TYPE,139.93845110069256,139.93845110069256,0.0,0.25,0.0,1,False,['EMERGENCY'],0.274822695035461,0.274822695035461,EMERGENCY
SECTION.TYPE,139.93845110069256,139.93845110069256,0.0,0.25,0.0,1,False,['SOLID'],0.274822695035461,0.274822695035461,SOLID
STRUCTURAL.ELEMENT.TYPE,139.93845110069256,139.93845110069256,0.0,0.25,0.0,1,False,['FLOOR'],0.274822695035461,0.274822695035461,FLOOR
COLUMN.CONSTRUCTION.LOCATION,139.93845110069256,139.93845110069256,0.0,0.25,0.0,1,False,['ON_SITE'],0.274822695035461,0.274822695035461,ON_SITE
LOCATION.FLOOR,139.93845110069256,139.93845110069256,0.0,0.25,0.0,1,False,['EXIT_FLOOR'],0.274822695035461,0.274822695035461,EXIT_FLOOR
ENCLOSURE.MATERIAL,139.93845110069256,139.93845110069256,0.0,0.25,0.0,1,False,['TEXTILE'],0.274822695035461,0.274822695035461,TEXTILE
CONSTRUCTION.ELEMENT.MATERIAL,139.93845110069256,139.93845110069256,0.0,0.25,0.0,1,False,['WOOD.BASED_PANEL'],0.274822695035461,0.274822695035461,WOOD.BASED_PANEL
AREA.PARKING.TYPE,139.93845110069256,139.93845110069256,0.0,0.25,0.0,1,False,['OPEN'],0.274822695035461,0.274822695035461,OPEN
DOOR.POSITION,139.93845110069256,139.93845110069256,0.0,0.25,0.0,1,False,['CLOSED.SAFE'],0.274822695035461,0.274822695035461,CLOSED.SAFE
AREA.PREVIOUS_USAGE,139.93845110069256,139.93845110069256,0.0,0.25,0.0,1,False,['RESIDENTIAL.HOUSING'],0.274822695035461,0.274822695035461,RESIDENTIAL.HOUSING
STEEL.PLATE.USAGE,139.93845110069256,139.93845110069256,0.0,0.25,0.0,1,False,['SIDE_MEMBER'],0.274822695035461,0.274822695035461,SIDE_MEMBER
ESTABLISHMENT.ACTIVITY,139.93845110069256,139.93845110069256,0.0,0.25,0.0,1,False,['RENTAL.STORAGE_ROOMS_AND_WAREHOUSES'],0.274822695035461,0.274822695035461,RENTAL.STORAGE_ROOMS_AND_WAREHOUSES
LOCATION,139.93845110069256,139.93845110069256,0.0,0.25,0.0,1,False,['CEILING'],0.274822695035461,0.274822695035461,CEILING
ELEMENT.LOAD.TYPE,139.93845110069256,139.93845110069256,0.0,0.25,0.0,1,False,['TENSION'],0.274822695035461,0.274822695035461,TENSION
FURNITURE.TYPE,139.93845110069256,139.93845110069256,0.0,0.25,0.0,1,False,['UPHOLSTERED.FIXED.SEATING'],0.274822695035461,0.274822695035461,UPHOLSTERED.FIXED.SEATING
ELEMENT.SECTION.TYPE,139.93845110069256,139.93845110069256,0.0,0.25,0.0,1,False,['THIN_WALLED'],0.274822695035461,0.274822695035461,THIN_WALLED
SYSTEM.FUNCTION,139.93845110069256,139.93845110069256,0.0,0.25,0.0,1,False,['FIRE_COMPARTMENTALIZATION'],0.274822695035461,0.274822695035461,FIRE_COMPARTMENTALIZATION
STAIR.PROTECTION.TYPE,139.93845110069256,139.93845110069256,0.0,0.25,0.0,1,False,['PROTECTED'],0.274822695035461,0.274822695035461,PROTECTED
INFILL.BLOCKS.MATERIAL,139.93845110069256,139.93845110069256,0.0,0.25,0.0,1,False,['CERAMIC'],0.274822695035461,0.274822695035461,CERAMIC
STEEL_PLATE.POSITION,139.93845110069256,139.93845110069256,0.0,0.25,0.0,1,False,['CENTRAL_PIECE'],0.274822695035461,0.274822695035461,CENTRAL_PIECE
SOLUTION.TYPE,139.93845110069256,139.93845110069256,0.0,0.25,0.0,1,False,['ALTERNATIVE'],0.274822695035461,0.274822695035461,ALTERNATIVE
PARKING.LOCATION,139.93845110069256,139.93845110069256,0.0,0.25,0.0,1,False,['BELOW_OTHER_USE'],0.274822695035461,0.274822695035461,BELOW_OTHER_USE
EXIT.TYPE,139.93845110069256,139.93845110069256,0.0,0.25,0.0,1,False,['EMERGENCY'],0.274822695035461,0.274822695035461,EMERGENCY
STRUCTURE.MATERIAL,139.93845110069256,139.93845110069256,0.0,0.25,0.0,1,False,['REINFORCED_CONCRETE'],0.274822695035461,0.274822695035461,REINFORCED_CONCRETE
ROOM.TYPE,139.93845110069256,139.93845110069256,0.0,0.25,0.0,1,False,['OFFICE'],0.274822695035461,0.274822695035461,OFFICE
ADHESIVE.USAGE,139.93845110069256,139.93845110069256,0.0,0.25,0.0,1,False,['STRUCTURAL'],0.274822695035461,0.274822695035461,STRUCTURAL
ELEMENT.CONNECTION.TYPE,139.93845110069256,139.93845110069256,0.0,0.25,0.0,1,False,['MECHANICAL'],0.274822695035461,0.274822695035461,MECHANICAL
CORRIDOR.TYPE,139.93845110069256,139.93845110069256,0.0,0.25,0.0,1,False,['PROTECTED'],0.274822695035461,0.274822695035461,PROTECTED
ROOM.USAGE,139.93845110069256,139.93845110069256,0.0,0.25,0.0,1,False,['PUBLIC.RESIDENTIAL'],0.274822695035461,0.274822695035461,PUBLIC.RESIDENTIAL
SCREW.TYPE,139.93845110069256,139.93845110069256,0.0,0.25,0.0,1,False,['COACH_SCREW'],0.274822695035461,0.274822695035461,COACH_SCREW
SUPPORT.WALL.THICKNESS,139.93845110069256,139.93845110069256,0.0,0.25,0.0,1,False,['THIN'],0.274822695035461,0.274822695035461,THIN
SITUATION.TYPE,139.93845110069256,139.93845110069256,0.0,0.25,0.0,1,False,['FIRE'],0.274822695035461,0.274822695035461,FIRE
DOOR.LOCATION,139.93845110069256,139.93845110069256,0.0,0.25,0.0,1,False,['PROTECTED_STAIRCASE_ENCLOSURE'],0.274822695035461,0.274822695035461,PROTECTED_STAIRCASE_ENCLOSURE
DOOR.CLOSING_SYSTEM,139.93845110069256,139.93845110069256,0.0,0.25,0.0,1,False,['AUTOMATIC'],0.274822695035461,0.274822695035461,AUTOMATIC
PREMISES.TYPE,139.93845110069256,139.93845110069256,0.0,0.25,0.0,1,False,['SPECIAL.RISK'],0.274822695035461,0.274822695035461,SPECIAL.RISK
CORRIDOR.USERS,139.93845110069256,139.93845110069256,0.0,0.25,0.0,1,False,['REGULAR'],0.274822695035461,0.274822695035461,REGULAR
EVACUATION.ORIGIN,139.93845110069256,139.93845110069256,0.0,0.25,0.0,1,False,['OUTDOOR_AREA'],0.274822695035461,0.274822695035461,OUTDOOR_AREA
ROAD.SECTION.TYPE,139.93845110069256,139.93845110069256,0.0,0.25,0.0,1,False,['CURVED'],0.274822695035461,0.274822695035461,CURVED
